date,ticker,sector,industry,前日比%,株価,平均出来高,売買代金M$,RelVol,RS,52W安値比%
2026-07-03,DMRA,Healthcare,Biotechnology,10.7,29.98,567278,22.8,1.34,99,1123.7
2026-07-03,SLS,Healthcare,Biotechnology,12.9,14.98,9765750,258.8,1.77,98,977.7
2026-07-03,IRWD,Healthcare,Drug Manufacturers - Specialty & Generic,5.1,4.33,2447358,11.5,1.08,98,546.3
2026-07-03,IMMX,Healthcare,Biotechnology,5.2,10.34,1544252,21.5,1.34,97,433.0
2026-07-03,VSCO,Consumer Cyclical,Apparel Retail,6.6,88.5,2414079,507.2,2.37,97,404.8
2026-07-03,DSGN,Healthcare,Biotechnology,6.7,15.64,1052000,24.7,1.5,97,344.3
2026-07-03,PGEN,Healthcare,Biotechnology,7.4,5.64,4700798,26.9,1.01,96,283.7
2026-07-03,PROK,Healthcare,Biotechnology,7.4,2.03,1094472,3.2,1.46,96,242.9
2026-07-03,KYTX,Healthcare,Biotechnology,5.3,8.89,1141460,12.9,1.27,95,252.8
2026-07-03,DYN,Healthcare,Biotechnology,5.9,23.07,1783222,49.9,1.21,94,186.2
2026-07-03,NEXA,Basic Materials,Other Industrial Metals & Mining,8.3,13.04,1101046,21.3,1.48,94,183.0
2026-07-03,IMNM,Healthcare,Biotechnology,9.9,23.61,1352994,44.1,1.38,94,196.6
2026-07-03,TENX,Healthcare,Biotechnology,16.3,15.46,946234,60.2,4.12,94,172.0
2026-07-03,MRNA,Healthcare,Biotechnology,10.0,79.76,7906306,1125.6,1.78,94,258.0
2026-07-03,AUGO,その他,,8.2,65.46,1010590,90.4,1.37,94,203.2
2026-07-03,NUVB,Healthcare,Biotechnology,5.2,5.7,6129144,36.1,1.03,94,183.6
2026-07-03,IOVA,Healthcare,Biotechnology,8.6,4.31,14798998,88.5,1.39,93,156.5
2026-07-03,PTGX,Healthcare,Biotechnology,5.2,131.62,687660,93.2,1.03,93,166.5
2026-07-03,SSRM,Basic Materials,Gold,6.2,30.62,3195874,125.8,1.29,92,161.7
2026-07-03,SLDB,Healthcare,Biotechnology,6.3,10.84,1785466,28.5,1.47,91,186.0
2026-07-03,IAG,Basic Materials,Gold,5.0,16.56,6249946,106.2,1.03,91,147.5
2026-07-03,CGAU,Basic Materials,Gold,6.7,16.58,1608368,30.3,1.14,91,148.5
2026-07-03,CERS,Healthcare,Medical Devices,5.3,3.16,2916150,10.4,1.13,90,174.8
2026-07-03,CABA,Healthcare,Biotechnology,6.7,3.19,5035792,27.4,1.71,89,153.2
2026-07-03,MT,Basic Materials,Steel,7.0,63.4,2010192,185.9,1.46,89,112.6
2026-07-03,ATAI,Healthcare,Biotechnology,6.4,5.19,6673602,58.8,1.7,88,105.1
2026-07-03,MGTX,Healthcare,Biotechnology,8.7,13.92,920546,15.6,1.22,87,110.3
2026-07-03,AAPU,その他,,9.3,39.48,2243834,99.8,1.13,87,105.2
2026-07-03,NKTX,Healthcare,Biotechnology,13.0,3.22,715106,4.8,2.1,87,91.7
2026-07-03,STNG,Energy,Oil & Gas Midstream,5.0,73.01,1003164,96.7,1.32,86,79.6
2026-07-03,EGO,Basic Materials,Gold,6.4,33.68,3395622,142.2,1.24,83,72.3
2026-07-03,NUGT,その他,,8.6,126.01,620350,104.8,1.34,83,82.5
2026-07-03,TARS,Healthcare,Biotechnology,7.5,65.44,814804,116.9,2.19,82,69.9
2026-07-03,KGC,Basic Materials,Gold,5.3,24.71,8426664,228.5,1.1,81,65.0
2026-07-03,CTMX,Healthcare,Biotechnology,6.1,3.82,4338756,19.6,1.18,80,122.1
2026-07-03,HAFN,Industrials,Marine Shipping,7.0,7.02,1907698,20.3,1.52,80,56.2
2026-07-03,GFI,Basic Materials,Gold,5.1,35.46,3477576,143.5,1.16,79,57.0
2026-07-03,BVS,Healthcare,Medical Devices,6.4,10.48,626456,7.3,1.12,79,80.4
2026-07-03,EYPT,Healthcare,Biotechnology,5.9,13.98,1111522,20.8,1.34,77,48.7
2026-07-03,AZN,Healthcare,Drug Manufacturers - General,6.1,195.15,2043294,464.4,1.16,76,44.7
2026-07-03,GKOS,Healthcare,Medical Devices,7.8,148.34,1076868,184.1,1.15,76,102.8
2026-07-03,CRNX,Healthcare,Biotechnology,9.2,42.23,1287932,91.9,1.69,76,63.5
2026-07-03,EDIT,Healthcare,Biotechnology,11.3,3.65,2559630,15.3,1.64,76,119.9
2026-07-03,NG,Basic Materials,Gold,6.1,6.44,3626396,28.3,1.21,76,48.4
2026-07-03,RIVN,Consumer Cyclical,Auto Manufacturers,8.4,18.63,31892832,1458.1,2.45,76,61.0
2026-07-03,RCKT,Healthcare,Biotechnology,9.1,3.84,2605526,10.4,1.04,71,51.8
2026-07-03,NAVN,その他,,5.9,25.67,4365648,164.8,1.47,68,216.7
2026-07-03,DB,Financial Services,Banks - Regional,5.9,35.86,2947910,125.5,1.19,67,32.2
2026-07-03,MNKD,Healthcare,Biotechnology,11.6,4.52,6049632,43.3,1.58,65,102.7
2026-07-03,SANA,Healthcare,Biotechnology,12.6,4.01,3922162,21.3,1.36,65,53.6
2026-07-03,UNCY,Healthcare,Biotechnology,8.5,5.73,1531502,17.1,1.95,64,54.4
2026-07-06,AXTI,Technology,Semiconductor Equipment & Materials,12.2,63.52,10254069,755.3,1.16,99,3333.5
2026-07-06,BFLY,Healthcare,Medical Devices,7.2,8.23,7782105,107.1,1.67,97,523.5
2026-07-06,ONDS,Technology,Communication Equipment,5.5,7.82,71316010,561.8,1.01,97,357.3
2026-07-06,CDNL,その他,,7.9,80.09,641434,77.9,1.52,96,264.4
2026-07-06,CIFR,Technology,Information Technology Services,8.4,21.73,25616664,610.7,1.1,96,377.6
2026-07-06,TENX,Healthcare,Biotechnology,5.2,16.26,967104,24.4,1.55,94,186.1
2026-07-06,IREN,Financial Services,Capital Markets,13.1,43.91,48889123,2327.2,1.08,93,198.3
2026-07-06,CENX,Basic Materials,Aluminum,6.7,46.68,2054527,99.4,1.04,93,159.3
2026-07-06,ANNX,Healthcare,Biotechnology,9.2,5.96,3181424,40.1,2.12,91,222.2
2026-07-06,PSNL,Healthcare,Diagnostics & Research,5.3,14.34,3182951,65.1,1.43,91,273.4
2026-07-06,WYFI,その他,,13.0,35.54,2121627,77.2,1.02,91,238.2
2026-07-06,MLYS,Healthcare,Biotechnology,5.2,29.12,1660366,50.0,1.03,91,131.3
2026-07-06,AAMI,Financial Services,Asset Management,8.3,79.15,500874,57.8,1.46,90,113.5
2026-07-06,CHRS,Healthcare,Biotechnology,7.6,1.56,1146672,2.4,1.33,90,112.8
2026-07-06,PTRN,その他,,7.6,28.43,1945390,83.9,1.52,87,218.7
2026-07-06,LMND,Financial Services,Insurance - Property & Casualty,10.0,78.7,1649613,213.7,1.65,87,120.4
2026-07-06,RGNX,Healthcare,Biotechnology,11.7,14.83,2099492,46.7,1.5,86,171.9
2026-07-06,BVS,Healthcare,Medical Devices,12.4,11.78,648047,17.9,2.35,85,102.8
2026-07-06,PEPG,Healthcare,Biotechnology,7.4,1.89,739003,1.5,1.08,84,87.1
2026-07-06,RIVN,Consumer Cyclical,Auto Manufacturers,8.1,20.14,32146217,783.1,1.21,81,74.1
2026-07-06,OMCL,Healthcare,Health Information Services,5.1,45.24,692161,33.7,1.08,80,68.5
2026-07-06,TBLA,Communication Services,Internet Content & Information,7.6,5.53,3409241,28.6,1.52,78,95.1
2026-07-06,TNYA,Healthcare,Biotechnology,10.0,0.87,3811679,6.1,1.85,77,62.7
2026-07-06,HROW,Healthcare,Drug Manufacturers - Specialty & Generic,5.1,44.93,882759,42.5,1.07,75,57.4
2026-07-06,PCAR,Industrials,Farm & Heavy Construction Machinery,5.4,125.91,3150215,486.0,1.23,70,39.6
2026-07-07,ALMS,Healthcare,Biotechnology,7.3,29.27,1304527,91.3,2.39,99,802.0
2026-07-07,ALXO,Healthcare,Biotechnology,7.8,2.36,1415142,4.3,1.28,98,435.1
2026-07-07,OVID,Healthcare,Biotechnology,5.7,2.76,2568752,9.1,1.29,98,666.7
2026-07-07,BAND,Technology,Software - Infrastructure,11.4,67.56,1439036,124.5,1.28,97,440.5
2026-07-07,ANAB,Healthcare,Biotechnology,8.0,67.32,649294,63.8,1.46,97,490.4
2026-07-07,IMMX,Healthcare,Biotechnology,15.0,12.02,1635790,50.9,2.59,97,519.6
2026-07-07,KYTX,Healthcare,Biotechnology,5.7,9.68,1018242,11.6,1.18,96,284.1
2026-07-07,TRVI,Healthcare,Biotechnology,8.6,19.5,1878656,107.8,2.94,96,236.8
2026-07-07,AMPG,Technology,Communication Equipment,5.6,6.25,5148418,69.2,2.15,95,281.1
2026-07-07,TENX,Healthcare,Biotechnology,6.9,17.38,994221,28.1,1.62,95,205.8
2026-07-07,PTGX,Healthcare,Biotechnology,7.1,140.85,707587,190.7,1.91,95,185.2
2026-07-07,CRNX,Healthcare,Biotechnology,98.7,83.53,2979750,6733.5,27.05,95,223.4
2026-07-07,PYXS,Healthcare,Biotechnology,24.8,3.07,917242,7.5,2.67,94,216.5
2026-07-07,SNDX,Healthcare,Biotechnology,5.3,23.24,1979229,52.4,1.14,94,166.8
2026-07-07,CCCC,Healthcare,Biotechnology,5.1,4.35,3181429,19.0,1.37,94,184.3
2026-07-07,TOI,Healthcare,Medical Care Facilities,6.6,5.8,1814427,12.8,1.22,93,150.0
2026-07-07,ANNX,Healthcare,Biotechnology,7.9,6.43,3255555,37.0,1.77,93,247.6
2026-07-07,KNSA,Healthcare,Drug Manufacturers - Specialty & Generic,7.2,67.29,833666,63.7,1.14,93,156.1
2026-07-07,ARQT,Healthcare,Biotechnology,6.1,27.67,1908936,65.6,1.24,90,107.3
2026-07-07,CHRS,Healthcare,Biotechnology,7.1,1.67,1149692,2.5,1.33,90,120.3
2026-07-07,ZYME,Healthcare,Biotechnology,5.5,26.72,696694,20.5,1.1,90,132.1
2026-07-07,KURA,Healthcare,Biotechnology,8.6,11.99,1850185,45.7,2.06,90,120.0
2026-07-07,BEAM,Healthcare,Biotechnology,7.4,37.92,2288500,149.3,1.72,88,143.1
2026-07-07,XERS,Healthcare,Drug Manufacturers - Specialty & Generic,6.8,8.94,1918441,31.1,1.81,88,91.8
2026-07-07,VERA,Healthcare,Biotechnology,7.1,42.96,1529829,217.8,3.31,88,125.3
2026-07-07,CLDX,Healthcare,Biotechnology,5.2,39.93,968927,67.2,1.74,88,102.5
2026-07-07,MGTX,Healthcare,Biotechnology,5.5,14.66,931897,28.5,2.09,87,121.5
2026-07-07,PEPG,Healthcare,Biotechnology,8.5,2.05,755654,4.4,2.82,86,103.0
2026-07-07,TARS,Healthcare,Biotechnology,5.2,70.55,836602,69.9,1.18,86,83.2
2026-07-07,TNYA,Healthcare,Biotechnology,6.4,0.92,3857988,5.6,1.57,77,72.9
2026-07-07,PTEN,Energy,Oil & Gas Drilling,6.9,9.15,8972256,102.5,1.25,77,84.1
2026-07-07,REI,Energy,Oil & Gas E&P,6.7,1.11,6159875,8.4,1.22,76,54.2
2026-07-07,ENGS,Industrials,Waste Management,6.8,2.83,554409,10.3,6.58,75,396.5
2026-07-07,VKTX,Healthcare,Biotechnology,8.8,42.13,2494321,181.5,1.73,75,83.5
2026-07-07,NET,Technology,Software - Infrastructure,8.6,268.83,4223520,1549.2,1.36,75,69.3
2026-07-07,EQNR,Energy,Oil & Gas Integrated,5.8,33.91,3827879,163.0,1.26,74,55.9
2026-07-07,IVVD,Healthcare,Biotechnology,12.9,0.94,4633412,12.1,2.76,69,95.0
2026-07-07,BATL,Energy,Oil & Gas E&P,25.4,1.78,11855497,42.4,2.01,67,78.0
2026-07-07,VRDN,Healthcare,Biotechnology,7.8,20.47,2755754,71.1,1.26,67,55.3
2026-07-07,CLRO,Technology,Communication Equipment,97.7,13.84,3550871,1140.7,23.21,66,410.7
2026-07-07,BCRX,Healthcare,Drug Manufacturers - Specialty & Generic,8.1,10.99,5256733,111.3,1.93,65,83.2
2026-07-07,DVN,Energy,Oil & Gas E&P,5.1,42.41,15327069,706.5,1.09,64,38.4
2026-07-07,AGIO,Healthcare,Biotechnology,17.7,44.01,1093535,121.7,2.53,61,97.9
2026-07-08,KOD,Healthcare,Biotechnology,6.1,40.63,744956,38.3,1.27,99,949.9
2026-07-08,EQ,Healthcare,Biotechnology,9.4,3.15,799555,2.6,1.01,99,986.2
2026-07-08,DLLL,その他,,7.2,24.75,2722747,78.0,1.16,98,1041.9
2026-07-08,IRWD,Healthcare,Drug Manufacturers - Specialty & Generic,6.7,4.77,2589313,23.7,1.92,98,611.9
2026-07-08,WULF,Financial Services,Capital Markets,12.8,22.83,30375244,969.9,1.4,98,392.0
2026-07-08,SOXL,その他,,5.8,174.82,60739592,10771.5,1.01,98,674.8
2026-07-08,TE,Industrials,Electrical Equipment & Parts,5.8,7.35,35907182,273.8,1.04,98,539.1
2026-07-08,UCTT,Technology,Semiconductor Equipment & Materials,11.2,100.91,1360765,215.0,1.57,97,374.2
2026-07-08,CMPS,Healthcare,Medical Care Facilities,7.5,13.97,4069603,103.3,1.82,97,304.8
2026-07-08,SRXH,Consumer Defensive,Packaged Foods,45.9,1.97,51583959,104.2,1.03,96,2393.7
2026-07-08,PENG,Technology,Information Technology Services,25.1,78.47,3681728,1076.3,3.73,96,389.2
2026-07-08,EWTX,Healthcare,Biotechnology,7.3,46.3,1598730,113.4,1.53,96,276.4
2026-07-08,SNDX,Healthcare,Biotechnology,5.7,24.56,2021113,92.0,1.85,94,178.8
2026-07-08,DK,Energy,Oil & Gas Refining & Marketing,7.1,56.05,1248469,79.9,1.14,93,191.8
2026-07-08,NAUT,Healthcare,Biotechnology,5.3,1.78,661549,1.7,1.45,92,187.1
2026-07-08,WYFI,その他,,9.9,36.74,2221200,136.1,1.67,92,249.6
2026-07-08,XENE,Healthcare,Biotechnology,10.4,69.95,1506464,332.1,3.15,91,133.2
2026-07-08,PARR,Energy,Oil & Gas Refining & Marketing,11.6,68.57,1079246,102.5,1.39,91,155.6
2026-07-08,PBF,Energy,Oil & Gas Refining & Marketing,9.2,52.9,2925541,226.5,1.46,91,157.7
2026-07-08,WTI,Energy,Oil & Gas E&P,8.5,3.59,5639409,28.9,1.43,90,140.7
2026-07-08,NKTX,Healthcare,Biotechnology,8.6,3.67,715494,4.0,1.51,90,115.9
2026-07-08,VLO,Energy,Oil & Gas Refining & Marketing,6.3,282.88,3098624,880.1,1.0,89,120.0
2026-07-08,NB,Basic Materials,Other Industrial Metals & Mining,5.2,4.67,3837779,40.6,2.27,89,99.3
2026-07-08,CVE,Energy,Oil & Gas Integrated,5.6,26.63,8659782,247.4,1.07,88,93.9
2026-07-08,DINO,Energy,Oil & Gas Refining & Marketing,6.3,78.62,2448539,269.9,1.4,87,93.5
2026-07-08,XNCR,Healthcare,Biotechnology,5.0,16.46,854907,18.7,1.33,87,137.9
2026-07-08,CORZ,Technology,Software - Infrastructure,9.1,23.5,14342023,339.9,1.01,86,89.2
2026-07-08,ANET,Technology,Computer Hardware,8.8,181.05,10312146,2149.3,1.15,85,76.3
2026-07-08,STAA,Healthcare,Medical Instruments & Supplies,6.0,28.15,840318,33.6,1.42,84,80.6
2026-07-08,BVS,Healthcare,Medical Devices,5.4,12.11,671567,10.3,1.27,84,108.4
2026-07-08,MPC,Energy,Oil & Gas Refining & Marketing,5.4,280.68,2416537,687.1,1.01,83,81.1
2026-07-08,AKAM,Technology,Software - Infrastructure,10.7,126.57,5421663,885.9,1.29,82,81.4
2026-07-08,PTEN,Energy,Oil & Gas Drilling,6.0,9.7,9116655,147.6,1.67,81,95.1
2026-07-08,SUPN,Healthcare,Drug Manufacturers - Specialty & Generic,5.2,50.44,804324,70.2,1.73,81,56.9
2026-07-08,CAMT,Technology,Semiconductor Equipment & Materials,5.1,140.05,525905,107.9,1.46,81,84.9
2026-07-08,BKR,Energy,Oil & Gas Equipment & Services,5.7,57.58,8573093,941.9,1.91,79,52.7
2026-07-08,PSX,Energy,Oil & Gas Refining & Marketing,5.0,187.81,2595756,499.5,1.02,79,64.5
2026-07-08,NBIL,その他,,21.5,32.7,1656901,108.6,2.0,79,413.3
2026-07-08,OBE,Energy,Oil & Gas E&P,7.7,8.78,866390,9.0,1.18,78,66.6
2026-07-08,AVL,その他,,9.8,46.5,673499,43.4,1.39,77,61.3
2026-07-08,VIST,Energy,Oil & Gas E&P,5.2,65.25,1030949,114.0,1.69,75,106.3
2026-07-08,BZH,Consumer Cyclical,Residential Construction,13.1,31.01,668277,51.1,2.46,68,73.9
2026-07-08,ELDN,Healthcare,Biotechnology,7.1,4.21,1435055,9.1,1.5,65,211.9
2026-07-08,KEX,Industrials,Marine Shipping,5.7,141.51,630490,112.8,1.26,63,78.0
2026-07-09,DLLL,その他,,8.4,26.83,2771700,81.6,1.1,99,1137.8
2026-07-09,DMRA,Healthcare,Biotechnology,11.8,30.78,609874,26.0,1.39,99,1156.3
2026-07-09,AEHR,Technology,Semiconductor Equipment & Materials,12.3,76.21,2237787,199.4,1.17,98,489.4
2026-07-09,BAND,Technology,Software - Infrastructure,11.3,78.44,1505027,149.2,1.26,98,527.5
2026-07-09,BIOA,Healthcare,Drug Manufacturers - Specialty & Generic,5.3,24.89,527152,14.6,1.12,98,505.6
2026-07-09,OPEN,Real Estate,Real Estate Services,10.6,5.3,49341686,593.8,2.27,98,631.0
2026-07-09,BFLY,Healthcare,Medical Devices,9.3,8.02,7881192,70.0,1.11,97,507.6
2026-07-09,SRXH,Consumer Defensive,Packaged Foods,28.4,2.53,52585103,137.4,1.03,97,3102.5
2026-07-09,UCTT,Technology,Semiconductor Equipment & Materials,5.2,106.19,1377873,189.9,1.3,97,399.0
2026-07-09,LASR,Technology,Semiconductors,27.3,74.71,1332121,296.5,2.98,97,318.8
2026-07-09,CIFR,Technology,Information Technology Services,6.5,23.26,25574494,665.7,1.12,97,411.2
2026-07-09,GH,Healthcare,Diagnostics & Research,5.1,164.08,2861246,631.6,1.35,96,306.6
2026-07-09,NAUT,Healthcare,Biotechnology,6.7,1.9,698824,4.1,3.12,94,206.5
2026-07-09,WYFI,その他,,5.7,38.84,2288711,157.7,1.77,93,269.6
2026-07-09,FTAI,Industrials,Aerospace & Defense,5.5,228.02,1258357,342.0,1.19,91,110.6
2026-07-09,AG,Basic Materials,Silver,8.6,17.16,12640870,218.2,1.01,90,122.0
2026-07-09,BBIO,Healthcare,Biotechnology,15.1,90.17,3853441,1737.7,5.0,89,114.2
2026-07-09,PTRN,その他,,6.5,29.4,2043425,65.8,1.09,88,229.6
2026-07-09,PEPG,Healthcare,Biotechnology,15.6,2.3,787166,5.5,3.05,88,127.7
2026-07-09,ADPT,Healthcare,Diagnostics & Research,8.1,21.8,2786252,63.9,1.05,87,119.0
2026-07-09,WT,Financial Services,Asset Management,6.2,19.86,3124483,66.9,1.08,82,86.4
2026-07-09,WRAP,Technology,Scientific & Technical Instruments,48.4,2.36,1439378,138.8,40.85,82,126.9
2026-07-09,AVL,その他,,6.2,49.4,684572,37.4,1.11,81,71.3
2026-07-09,SHC,Healthcare,Diagnostics & Research,5.3,18.39,3455538,63.7,1.0,81,68.1
2026-07-09,ALGM,Technology,Semiconductors,11.5,57.38,3202205,252.1,1.37,80,156.0
2026-07-09,TECK,Basic Materials,Other Industrial Metals & Mining,5.5,59.23,3109581,199.3,1.08,80,92.2
2026-07-09,SUNE,Technology,Solar,21.3,2.56,8011097,55.6,2.71,80,276.5
2026-07-09,TYGO,Technology,Solar,5.9,1.98,1144527,4.3,1.9,79,66.4
2026-07-09,RIVN,Consumer Cyclical,Auto Manufacturers,8.8,18.12,36542842,1512.8,2.28,74,56.6
2026-07-09,EYPT,Healthcare,Biotechnology,5.9,14.84,1195045,23.3,1.31,73,57.9
2026-07-09,LRMR,Healthcare,Biotechnology,14.4,4.13,2355460,15.8,1.62,60,52.1
2026-07-10,RXT,Technology,Software - Infrastructure,22.2,5.34,29495587,220.0,1.4,97,1258.8
2026-07-10,XFOR,Healthcare,Biotechnology,11.4,4.41,660736,4.0,1.38,95,226.7
2026-07-10,SUNE,Technology,Solar,49.6,3.83,9519460,288.2,7.91,92,463.2
2026-07-10,ASC,Industrials,Marine Shipping,7.0,16.39,712383,13.2,1.13,83,73.3
2026-07-10,CDZI,Utilities,Utilities - Regulated Water,10.3,4.4,910608,19.5,4.87,78,52.2
2026-07-10,BBAR,Financial Services,Banks - Regional,9.1,21.16,722483,19.5,1.28,77,176.5
2026-07-10,REZI,Industrials,Industrial Distribution,9.3,33.94,1473152,96.7,1.93,76,48.0
2026-07-10,VOD,Communication Services,Telecom Services,12.5,14.72,4095045,250.3,4.15,75,43.7
2026-07-10,JXN,Financial Services,Insurance - Life,5.4,116.76,649770,149.3,1.97,74,46.1
2026-07-10,CAKE,Consumer Cyclical,Restaurants,5.5,82.76,1313022,189.8,1.75,68,94.0
2026-07-10,SKYX,Industrials,Electrical Equipment & Parts,8.5,1.27,1953186,2.8,1.12,65,34.2
2026-07-13,ANRO,Healthcare,Biotechnology,5.9,28.03,503592,58.3,4.13,99,1007.9
2026-07-13,QTTB,Healthcare,Biotechnology,90.7,21.38,1452739,589.3,18.97,99,1262.7
2026-07-13,ANAB,Healthcare,Biotechnology,5.2,69.81,627574,58.7,1.34,97,512.2
2026-07-13,PSNL,Healthcare,Diagnostics & Research,6.9,15.04,3532710,160.4,3.02,93,291.7
2026-07-13,PBF,Energy,Oil & Gas Refining & Marketing,8.0,57.44,2885543,169.9,1.03,92,179.8
2026-07-13,TOI,Healthcare,Medical Care Facilities,6.1,6.25,1973565,18.7,1.52,90,169.4
2026-07-13,OBE,Energy,Oil & Gas E&P,6.3,9.01,807993,10.1,1.39,85,71.0
2026-07-13,GALT,Healthcare,Biotechnology,13.3,4.6,677637,6.3,2.02,84,126.6
2026-07-13,TALO,Energy,Oil & Gas E&P,5.4,14.23,1978494,33.4,1.19,83,85.5
2026-07-13,PSX,Energy,Oil & Gas Refining & Marketing,5.3,198.29,2598729,611.6,1.19,83,73.7
2026-07-13,VOD,Communication Services,Telecom Services,5.1,15.47,4222508,135.1,2.07,79,51.0
2026-07-13,BATL,Energy,Oil & Gas E&P,19.6,1.89,15584597,88.2,2.99,78,89.0
2026-07-13,EQNR,Energy,Oil & Gas Integrated,6.3,36.06,3882544,200.4,1.43,77,65.8
2026-07-13,HELE,Consumer Defensive,Household & Personal Products,5.3,27.74,631600,21.7,1.24,67,100.3
2026-07-14,AXTI,Technology,Semiconductor Equipment & Materials,14.1,57.57,9917811,589.0,1.03,99,3011.9
2026-07-14,ERAS,Healthcare,Biotechnology,8.9,19.5,5399315,203.3,1.93,99,1366.2
2026-07-14,CELC,Healthcare,Biotechnology,7.0,111.05,1539206,229.0,1.34,99,730.9
2026-07-14,KOD,Healthcare,Biotechnology,5.3,43.26,775247,37.9,1.13,99,885.4
2026-07-14,AEHR,Technology,Semiconductor Equipment & Materials,5.9,72.01,2158102,232.7,1.5,98,414.0
2026-07-14,SYRE,Healthcare,Biotechnology,5.6,98.95,1413766,241.5,1.73,98,582.2
2026-07-14,TSEM,Technology,Semiconductors,11.2,255.49,2099475,1183.2,2.21,98,492.5
2026-07-14,TXG,Healthcare,Health Information Services,9.6,45.79,3214460,175.5,1.19,97,310.3
2026-07-14,FCEL,Industrials,Electrical Equipment & Parts,11.9,21.35,13145751,416.5,1.48,97,464.8
2026-07-14,ONDS,Technology,Communication Equipment,5.7,7.36,75274392,790.0,1.43,96,313.5
2026-07-14,CDNL,その他,,7.5,69.72,672185,52.3,1.11,95,217.2
2026-07-14,SNDX,Healthcare,Biotechnology,5.4,24.13,2036811,49.4,1.0,94,167.2
2026-07-14,EWY,その他,,5.3,176.98,21131072,5203.5,1.39,94,157.2
2026-07-14,TRVI,Healthcare,Biotechnology,8.4,17.91,1959541,45.2,1.29,94,173.4
2026-07-14,PBF,Energy,Oil & Gas Refining & Marketing,6.0,60.89,2809466,210.4,1.23,93,196.6
2026-07-14,TSHA,Healthcare,Biotechnology,5.9,5.7,3125130,22.4,1.26,92,143.6
2026-07-14,ATAI,Healthcare,Biotechnology,14.1,5.67,7219270,67.0,1.64,91,119.8
2026-07-14,FBIO,Healthcare,Biotechnology,13.0,3.73,500479,4.6,2.48,89,110.7
2026-07-14,GALT,Healthcare,Biotechnology,16.1,5.34,714111,11.3,2.97,88,163.1
2026-07-14,COPX,その他,,5.9,78.72,3921849,391.5,1.27,87,92.8
2026-07-14,DHT,Energy,Oil & Gas Midstream,5.0,18.18,3406591,63.1,1.02,86,82.0
2026-07-14,OKTA,Technology,Software - Infrastructure,10.8,154.62,3936803,698.5,1.15,85,146.8
2026-07-14,CAMT,Technology,Semiconductor Equipment & Materials,9.6,149.9,525590,103.0,1.31,84,97.9
2026-07-14,NXT,Technology,Solar,5.0,104.66,3068015,333.2,1.04,84,98.9
2026-07-14,VCTR,Financial Services,Asset Management,6.2,97.7,512141,75.9,1.52,81,74.9
2026-07-14,NXDR,Communication Services,Internet Content & Information,5.0,2.5,3077969,9.9,1.29,74,88.0
2026-07-14,NXTC,Healthcare,Biotechnology,201.8,6.58,2305116,723.5,47.7,73,324.5
2026-07-14,SEZL,Financial Services,Credit Services,13.8,182.39,696127,135.4,1.07,72,268.5
2026-07-14,TENB,Technology,Software - Infrastructure,8.8,42.65,3650653,205.6,1.32,68,171.1
2026-07-15,ERAS,Healthcare,Biotechnology,9.0,21.26,5380981,182.7,1.6,99,1498.5
2026-07-15,ALMS,Healthcare,Biotechnology,5.6,28.81,1387646,43.1,1.08,99,787.8
2026-07-15,STTK,Healthcare,Biotechnology,7.6,6.77,1275478,21.0,2.44,99,850.8
2026-07-15,AEHR,Technology,Semiconductor Equipment & Materials,21.9,87.79,2409729,1132.1,5.35,98,526.6
2026-07-15,MBX,Healthcare,Biotechnology,7.2,60.67,915203,65.4,1.18,98,530.1
2026-07-15,POWL,Industrials,Electrical Equipment & Parts,5.4,247.01,763742,215.9,1.14,97,259.0
2026-07-15,GGLL,その他,,6.3,121.82,1427698,192.7,1.11,97,253.1
2026-07-15,TRT,Technology,Semiconductor Equipment & Materials,7.2,11.0,1001454,18.8,1.71,97,329.7
2026-07-15,MANE,その他,,12.3,123.7,625750,165.1,2.13,96,286.6
2026-07-15,ANNX,Healthcare,Biotechnology,17.1,6.5,3652276,56.8,2.39,95,220.2
2026-07-15,MRVI,Healthcare,Biotechnology,8.1,7.04,3224677,33.8,1.49,95,253.8
2026-07-15,PSNL,Healthcare,Diagnostics & Research,5.1,15.79,3550282,78.8,1.41,94,311.2
2026-07-15,TSHA,Healthcare,Biotechnology,8.6,6.19,3200956,32.2,1.62,93,164.5
2026-07-15,IOVA,Healthcare,Biotechnology,20.6,4.74,15247729,205.8,2.85,91,169.3
2026-07-15,AAPU,その他,,8.0,44.46,1892284,116.5,1.38,91,131.1
2026-07-15,ADPT,Healthcare,Diagnostics & Research,6.8,22.9,2886621,91.1,1.38,91,130.0
2026-07-15,LION,その他,,5.0,13.96,3747129,107.6,2.06,91,147.1
2026-07-15,MD,Healthcare,Medical Care Facilities,7.3,25.88,873252,35.3,1.56,90,118.6
2026-07-15,SHLS,Technology,Solar,6.9,11.5,5903783,87.3,1.29,90,159.6
2026-07-15,COMP,Real Estate,Real Estate Services,8.3,12.65,14754646,211.1,1.13,89,98.6
2026-07-15,IVZ,Financial Services,Asset Management,5.5,30.3,5056310,153.7,1.0,88,90.2
2026-07-15,AEO,Consumer Cyclical,Apparel Retail,7.8,17.41,5371877,96.5,1.03,87,85.4
2026-07-15,BNY,Financial Services,Banks - Diversified,5.1,162.35,3910177,1303.0,2.05,86,77.1
2026-07-15,AMCX,Communication Services,Entertainment,7.8,10.59,543390,6.2,1.08,86,95.7
2026-07-15,FLYW,Technology,Software - Infrastructure,6.8,18.78,2519515,48.8,1.03,85,85.8
2026-07-15,NBIL,その他,,5.6,27.54,1722420,84.6,1.78,64,332.3
2026-07-16,CDNA,Healthcare,Diagnostics & Research,35.6,40.34,882725,179.5,5.04,97,268.1
2026-07-16,ATAI,Healthcare,Biotechnology,33.4,7.15,10564147,1184.4,15.68,95,167.8
2026-07-16,VSTS,Industrials,Rental & Leasing Services,5.9,16.42,1667648,34.1,1.25,95,312.6
2026-07-16,JBHT,Industrials,Integrated Freight & Logistics,8.0,298.41,1021669,732.4,2.4,90,130.8
2026-07-16,BKD,Healthcare,Medical Care Facilities,6.7,15.28,4719682,123.1,1.71,90,118.3
2026-07-16,HTLD,Industrials,Trucking,5.4,15.3,605725,10.7,1.16,88,119.8
2026-07-16,KNX,Industrials,Trucking,5.1,77.32,4605852,426.2,1.2,87,102.0
2026-07-16,IART,Healthcare,Medical Devices,5.7,19.85,1081546,26.1,1.22,85,128.2
2026-07-16,BIIB,Healthcare,Drug Manufacturers - General,5.9,208.92,1293239,389.3,1.44,84,72.6
2026-07-16,HUBG,Industrials,Integrated Freight & Logistics,7.6,51.41,815652,77.2,1.84,81,60.4
2026-07-16,BTI,Consumer Defensive,Tobacco,7.5,63.16,4367267,608.0,2.2,68,32.0
2026-07-16,FA,Industrials,Specialty Business Services,5.4,22.31,1703719,41.2,1.08,64,152.9
2026-07-16,MAN,Industrials,Staffing & Employment Services,32.4,51.65,1172049,253.5,4.19,62,110.2
2026-07-17,SLS,Healthcare,Biotechnology,12.3,13.19,10592367,148.1,1.06,99,848.9
2026-07-17,STTK,Healthcare,Biotechnology,6.5,7.53,1353349,22.3,2.19,99,957.6
2026-07-17,ALTO,Basic Materials,Specialty Chemicals,13.0,5.84,2623239,21.6,1.41,98,534.8
2026-07-17,FBRX,Healthcare,Biotechnology,8.6,48.86,520885,29.1,1.14,98,436.9
2026-07-17,ORKA,Healthcare,Biotechnology,11.6,92.7,1504356,260.0,1.86,98,622.0
2026-07-17,ZNTL,Healthcare,Biotechnology,11.8,5.11,1176383,18.2,3.02,97,321.6
2026-07-17,ANAB,Healthcare,Biotechnology,7.1,58.0,659319,42.2,1.1,97,408.6
2026-07-17,MANE,その他,,5.2,111.32,635929,100.6,1.42,96,247.9
2026-07-17,TRVI,Healthcare,Biotechnology,9.9,19.07,2135566,158.5,3.89,95,191.1
2026-07-17,GPRE,Basic Materials,Chemicals,11.7,19.23,1550482,97.8,3.28,94,171.6
2026-07-17,GPCR,Healthcare,Biotechnology,5.3,48.48,785005,44.4,1.17,94,206.8
2026-07-17,IOVA,Healthcare,Biotechnology,7.3,5.0,15460708,115.6,1.5,93,184.1
2026-07-17,NAUT,Healthcare,Biotechnology,6.1,1.74,764967,1.5,1.13,93,180.6
2026-07-17,XNCR,Healthcare,Biotechnology,16.9,17.47,849186,29.4,1.98,90,152.5
2026-07-17,GORO,Basic Materials,Other Precious Metals & Mining,7.3,1.0,3395634,42.7,12.6,88,132.0
2026-07-17,SQM,Basic Materials,Specialty Chemicals,5.2,69.81,1144840,113.5,1.42,88,97.9
2026-07-17,OBE,Energy,Oil & Gas E&P,8.7,9.64,762708,10.0,1.36,87,77.5
2026-07-17,TALO,Energy,Oil & Gas E&P,5.7,14.92,1969354,29.4,1.0,87,94.5
2026-07-17,CADL,Healthcare,Biotechnology,7.4,10.18,2075052,24.0,1.14,80,134.0
2026-07-17,LEDS,Technology,Semiconductors,22.9,3.01,1132395,15.2,4.46,79,198.0
2026-07-17,SONO,Technology,Consumer Electronics,5.9,15.11,1983070,56.5,1.89,77,49.5
2026-07-17,WNC,Industrials,Farm & Heavy Construction Machinery,7.2,13.44,1065684,14.6,1.02,77,103.9
2026-07-17,BATL,Energy,Oil & Gas E&P,10.8,1.74,16547928,40.1,1.39,68,74.0
2026-07-20,NUAI,Technology,Software - Infrastructure,26.4,5.15,8467702,84.9,1.95,99,1504.4
2026-07-20,HUT,Financial Services,Capital Markets,10.4,100.93,4467235,732.2,1.62,98,440.3
2026-07-20,CIFR,Technology,Information Technology Services,17.0,20.54,24707639,833.2,1.64,97,351.4
2026-07-20,ONDS,Technology,Communication Equipment,5.3,6.87,84031978,1278.9,2.22,96,286.0
2026-07-20,NUVB,Healthcare,Biotechnology,7.9,6.26,6480269,69.8,1.72,95,187.2
2026-07-20,APLD,Technology,Information Technology Services,8.0,27.85,20687448,611.1,1.06,94,184.5
2026-07-20,SLNH,Financial Services,Capital Markets,20.4,1.36,21579108,32.7,1.11,93,223.8
2026-07-20,IREN,Financial Services,Capital Markets,19.6,40.2,49415994,3612.9,1.82,92,173.1
2026-07-20,XNCR,Healthcare,Biotechnology,7.7,18.81,889802,53.6,3.2,91,171.8
2026-07-20,RIOT,Financial Services,Capital Markets,9.0,19.9,16115361,377.0,1.18,77,87.9
2026-07-20,SGHC,Consumer Cyclical,Gambling,5.8,15.58,3631270,83.6,1.48,74,85.7
2026-07-20,IKT,Healthcare,Biotechnology,5.7,2.23,873648,2.4,1.23,60,67.7
2026-07-21,CLYM,Healthcare,Biotechnology,7.2,13.1,1277057,19.8,1.19,99,863.2
2026-07-21,BE,Industrials,Electrical Equipment & Parts,14.8,226.26,12806111,3367.6,1.16,99,827.9
2026-07-21,RLMD,Healthcare,Biotechnology,6.0,5.3,1822582,14.1,1.46,99,863.6
2026-07-21,NUAI,Technology,Software - Infrastructure,14.8,5.91,8631813,93.4,1.83,99,1741.1
2026-07-21,DOCN,Technology,Software - Infrastructure,14.6,136.45,3407344,599.1,1.29,98,433.8
2026-07-21,UCTT,Technology,Semiconductor Equipment & Materials,14.6,105.15,1354611,156.8,1.1,98,394.1
2026-07-21,AEHR,Technology,Semiconductor Equipment & Materials,27.9,98.91,2560569,511.7,2.02,98,520.5
2026-07-21,FBRX,Healthcare,Biotechnology,6.8,50.73,546848,47.0,1.69,98,457.5
2026-07-21,LPTH,Technology,Electronic Components,22.2,12.66,3837504,56.7,1.17,97,335.1
2026-07-21,ONDS,Technology,Communication Equipment,11.5,7.66,88784261,2156.3,3.17,97,330.3
2026-07-21,WULF,Financial Services,Capital Markets,5.4,19.87,31352321,623.4,1.0,97,328.2
2026-07-21,NBIS,Communication Services,Internet Content & Information,18.8,216.92,18524855,5473.7,1.36,97,342.7
2026-07-21,IMMX,Healthcare,Biotechnology,8.7,9.57,1851443,23.7,1.34,96,393.3
2026-07-21,CIFR,Technology,Information Technology Services,11.4,22.89,25129396,1067.1,1.86,96,403.1
2026-07-21,ANAB,Healthcare,Biotechnology,6.9,53.76,667242,66.6,1.86,96,371.4
2026-07-21,APLD,Technology,Information Technology Services,7.9,30.05,20673511,697.1,1.12,95,206.9
2026-07-21,NKTR,Healthcare,Biotechnology,5.9,68.67,1077824,88.8,1.2,95,226.7
2026-07-21,URGN,Healthcare,Biotechnology,6.5,43.78,778944,49.5,1.45,94,185.2
2026-07-21,TRVI,Healthcare,Biotechnology,8.4,18.18,2163934,40.2,1.02,94,177.6
2026-07-21,AMLX,Healthcare,Drug Manufacturers - Specialty & Generic,6.0,18.5,1496007,49.5,1.79,93,147.3
2026-07-21,HL,Basic Materials,Other Precious Metals & Mining,7.0,15.29,28472446,1137.6,2.61,93,172.4
2026-07-21,HBM,Basic Materials,Copper,10.4,23.0,5625076,186.8,1.44,93,157.7
2026-07-21,AXSM,Healthcare,Biotechnology,6.9,236.95,899548,222.2,1.04,93,146.6
2026-07-21,SVRA,Healthcare,Biotechnology,6.4,5.84,1748200,16.7,1.64,93,156.1
2026-07-21,ZBIO,Healthcare,Biotechnology,5.4,32.36,825345,52.4,1.96,92,139.7
2026-07-21,XNCR,Healthcare,Biotechnology,8.7,20.45,906076,35.7,1.93,92,195.5
2026-07-21,SSRM,Basic Materials,Gold,8.6,27.21,3131176,91.5,1.07,91,129.2
2026-07-21,RYAM,Basic Materials,Chemicals,5.3,8.61,975683,9.0,1.07,90,157.0
2026-07-21,SCCO,Basic Materials,Copper,7.4,188.01,1347175,295.1,1.17,90,125.1
2026-07-21,KPTI,Healthcare,Biotechnology,5.3,7.86,530782,7.4,1.77,90,115.5
2026-07-21,FTAI,Industrials,Aerospace & Defense,5.3,210.25,1117339,297.5,1.27,89,92.8
2026-07-21,FBIO,Healthcare,Biotechnology,6.0,3.53,529810,2.0,1.05,88,99.4
2026-07-21,TPC,Industrials,Engineering & Construction,7.7,86.78,576378,176.5,3.53,88,99.9
2026-07-21,OBE,Energy,Oil & Gas E&P,6.4,10.01,726650,9.8,1.35,87,84.0
2026-07-21,IOVA,Healthcare,Biotechnology,9.2,5.48,15034233,109.5,1.33,87,211.4
2026-07-21,ASM,Basic Materials,Other Precious Metals & Mining,8.6,6.05,4084742,24.7,1.0,86,95.2
2026-07-21,TK,Energy,Oil & Gas Midstream,5.3,11.33,626127,9.8,1.39,85,72.0
2026-07-21,CDE,Basic Materials,Gold,8.1,15.3,32185668,541.2,1.1,83,78.7
2026-07-21,BRKR,Healthcare,Medical Devices,7.6,60.43,2564104,164.8,1.06,82,112.9
2026-07-21,WFRD,Energy,Oil & Gas Equipment & Services,6.5,83.32,1338961,225.9,2.03,81,59.5
2026-07-21,RIOT,Financial Services,Capital Markets,8.0,21.49,15944538,373.8,1.09,80,102.9
2026-07-21,EGO,Basic Materials,Gold,9.8,30.46,2634111,96.5,1.2,79,51.8
2026-07-21,GREE,Financial Services,Capital Markets,36.6,2.91,600450,40.4,23.13,79,191.0
2026-07-21,MLI,Industrials,Metal Fabrication,5.6,62.3,1483296,118.8,1.29,79,52.9
2026-07-21,EXK,Basic Materials,Silver,9.3,8.2,6686051,63.8,1.16,78,67.0
2026-07-21,NAMS,Healthcare,Biotechnology,9.0,32.34,1341836,54.9,1.26,76,53.0
2026-07-21,FCX,Basic Materials,Copper,6.4,62.56,14313263,989.7,1.11,75,79.9
2026-07-21,NBIL,その他,,37.5,30.72,1866252,107.7,1.88,75,382.3
2026-07-21,NUGT,その他,,9.5,111.59,655200,84.8,1.16,75,56.5
2026-07-21,CRGY,Energy,Oil & Gas E&P,5.4,11.04,6533226,81.9,1.13,72,46.6
2026-07-21,SOLS,その他,,6.4,60.08,2904104,260.6,1.49,65,48.9
2026-07-21,CLSK,Financial Services,Capital Markets,6.7,15.38,23571332,437.1,1.21,61,92.3
2026-07-22,ARWR,Healthcare,Biotechnology,19.0,88.7,2300475,619.9,3.04,98,490.9
2026-07-22,LQDA,Healthcare,Drug Manufacturers - Specialty & Generic,7.6,87.04,2165329,289.7,1.54,98,427.2
2026-07-22,PYXS,Healthcare,Biotechnology,13.5,2.53,955070,7.6,3.13,92,160.8
2026-07-22,FTAI,Industrials,Aerospace & Defense,5.8,222.49,1152254,587.8,2.29,91,104.0
2026-07-22,RANI,Healthcare,Biotechnology,29.8,0.9,1036421,5.6,6.05,90,111.0
2026-07-22,EQNR,Energy,Oil & Gas Integrated,6.3,39.96,3791665,207.8,1.37,85,83.8
2026-07-22,RIOT,Financial Services,Capital Markets,8.8,23.38,16149088,650.4,1.72,85,120.8
2026-07-22,NUGT,その他,,7.1,119.46,662305,83.6,1.06,82,67.6
2026-07-22,AVBP,Healthcare,Biotechnology,7.7,30.44,589167,20.6,1.15,76,89.1
2026-07-22,BLFS,Healthcare,Medical Instruments & Supplies,6.7,31.15,1056861,302.9,9.2,76,74.4
2026-07-22,WAB,Industrials,Railroads,10.0,290.0,930902,946.0,3.5,75,58.0
2026-07-22,XIFR,Utilities,Utilities - Renewable,5.1,12.88,972484,15.8,1.26,74,48.5
2026-07-22,KOS,Energy,Oil & Gas E&P,9.5,2.65,14818128,45.2,1.15,67,215.5
2026-07-22,SKYX,Industrials,Electrical Equipment & Parts,8.2,1.32,1727876,3.0,1.34,63,39.5
2026-07-23,FBRX,Healthcare,Biotechnology,5.4,59.7,556924,44.9,1.35,98,556.0
2026-07-23,HUT,Financial Services,Capital Markets,7.1,117.67,4325660,722.5,1.42,98,529.9
2026-07-23,MXL,Technology,Semiconductors,5.1,91.24,4300893,637.5,1.62,98,614.5
2026-07-23,VICR,Technology,Electronic Components,6.5,231.38,900729,230.4,1.11,98,454.1
2026-07-23,CIFR,Technology,Information Technology Services,5.6,25.82,25210096,815.2,1.25,97,467.5
2026-07-23,FTRE,Healthcare,Biotechnology,5.5,19.5,1316085,33.3,1.3,96,270.4
2026-07-23,SSL,Basic Materials,Specialty Chemicals,6.4,12.05,1528916,19.3,1.05,93,152.6
2026-07-23,KN,Technology,Electronic Components,6.0,38.81,1076082,88.1,2.11,92,110.4
2026-07-23,MRCY,Industrials,Aerospace & Defense,7.5,106.34,718314,84.7,1.11,91,112.1
2026-07-23,OII,Energy,Oil & Gas Equipment & Services,6.7,48.02,1051617,124.7,2.47,91,131.0
2026-07-23,PYXS,Healthcare,Biotechnology,5.9,2.68,972738,4.3,1.65,91,176.3
2026-07-23,PALI,Healthcare,Biotechnology,6.3,2.02,3557124,11.9,1.66,89,281.1
2026-07-23,OBE,Energy,Oil & Gas E&P,5.1,10.73,761320,22.5,2.75,88,97.2
2026-07-23,NVCR,Healthcare,Medical Devices,28.4,19.99,1694046,178.7,5.28,84,103.6
2026-07-23,IMAX,Communication Services,Entertainment,11.9,43.96,1212434,281.5,5.28,83,81.7
2026-07-23,ADVB,Healthcare,Diagnostics & Research,37.0,16.78,2000677,198.3,5.91,83,364.8
2026-07-23,CSX,Industrials,Railroads,5.8,52.81,13038705,1539.0,2.24,82,67.7
2026-07-23,TGTX,Healthcare,Biotechnology,5.4,55.5,2333701,164.3,1.27,82,119.5
2026-07-23,RTX,Industrials,Aerospace & Defense,7.3,209.16,5301955,2090.0,1.88,75,40.5
2026-07-23,DGX,Healthcare,Diagnostics & Research,8.6,227.9,930644,856.5,4.04,74,39.9
2026-07-23,BATL,Energy,Oil & Gas E&P,11.6,1.73,17606661,49.3,1.62,69,73.0
2026-07-23,IKT,Healthcare,Biotechnology,7.4,2.33,886085,3.1,1.52,67,75.2
2026-07-24,IRD,Healthcare,Biotechnology,5.5,3.08,1015158,3.4,1.07,95,196.2
2026-07-24,OII,Energy,Oil & Gas Equipment & Services,9.8,52.73,1106743,208.3,3.57,94,153.6
2026-07-24,ADVB,Healthcare,Diagnostics & Research,13.1,18.98,2096453,88.1,2.21,90,425.8
2026-07-24,RNG,Technology,Software - Application,25.1,48.31,1792810,407.3,4.7,89,105.5
2026-07-24,THC,Healthcare,Medical Care Facilities,17.2,233.2,1427270,1006.5,3.02,82,59.1
2026-07-24,SLB,Energy,Oil & Gas Equipment & Services,11.0,52.42,14615175,1377.9,1.8,81,68.9
2026-07-24,WKC,Energy,Oil & Gas Refining & Marketing,5.2,38.14,1080118,167.0,4.05,77,74.4
2026-07-24,FAF,Financial Services,Insurance - Specialty,8.9,75.13,988227,112.1,1.51,69,34.8
2026-07-24,PKG,Consumer Cyclical,Packaging & Containers,8.8,254.39,679473,315.9,1.83,68,37.9
2026-07-24,JBLU,Industrials,Airlines,5.6,5.27,28023864,289.7,1.96,63,36.2
2026-07-27,FBRX,Healthcare,Biotechnology,39.6,76.5,902832,1308.8,18.95,99,740.7
2026-07-27,PACS,Healthcare,Medical Care Facilities,5.0,47.08,929827,45.1,1.03,98,527.7
2026-07-27,OMER,Healthcare,Biotechnology,15.8,11.34,1992400,37.8,1.67,96,229.7
2026-07-27,TENX,Healthcare,Biotechnology,11.4,16.19,1119405,29.1,1.6,95,180.1
2026-07-27,AMLX,Healthcare,Drug Manufacturers - Specialty & Generic,10.8,19.49,1496133,49.8,1.71,94,160.6
2026-07-27,BKD,Healthcare,Medical Care Facilities,6.7,15.47,4730976,122.6,1.67,92,121.0
2026-07-27,RNG,Technology,Software - Application,11.2,53.7,1842703,263.3,2.66,91,128.4
2026-07-27,ZBIO,Healthcare,Biotechnology,8.0,32.82,861114,37.1,1.31,91,143.1
2026-07-27,ENTX,Healthcare,Biotechnology,91.2,3.92,2886173,322.7,28.52,90,330.8
2026-07-27,BVS,Healthcare,Medical Devices,5.5,12.45,700817,10.2,1.17,90,114.3
2026-07-27,KYTX,Healthcare,Biotechnology,6.9,7.92,1104835,9.4,1.07,89,182.9
2026-07-27,DFNS,Industrials,Aerospace & Defense,201.1,13.1,24367678,975.5,3.06,86,31090.5
2026-07-27,CCCC,Healthcare,Biotechnology,5.6,3.59,3193530,15.3,1.34,85,112.4
2026-07-27,COMP,Real Estate,Real Estate Services,6.6,11.8,13900552,167.4,1.02,84,85.2
2026-07-27,FNKO,Consumer Cyclical,Leisure,5.7,6.12,650748,6.8,1.7,78,175.7
2026-07-27,W,Consumer Cyclical,Internet Retail,12.3,94.53,3631919,348.8,1.02,76,70.0
2026-07-27,BKR,Energy,Oil & Gas Equipment & Services,5.8,60.59,8764349,818.5,1.54,71,46.1
2026-07-28,FTRE,Healthcare,Biotechnology,7.8,20.7,1369690,67.0,2.36,97,293.2
2026-07-28,DFNS,Industrials,Aerospace & Defense,83.2,24.0,25015831,671.0,1.12,97,57042.9
2026-07-28,KNSA,Healthcare,Drug Manufacturers - Specialty & Generic,25.0,79.44,787237,225.5,3.61,95,171.7
2026-07-28,LIND,Consumer Cyclical,Travel Services,5.9,29.74,887180,29.9,1.13,95,161.6
2026-07-28,RNG,Technology,Software - Application,6.0,56.93,1872352,144.7,1.36,93,142.1
2026-07-28,OSCR,Healthcare,Healthcare Plans,10.8,31.4,6440039,203.8,1.01,93,193.7
2026-07-28,BVS,Healthcare,Medical Devices,6.1,13.21,709542,12.0,1.28,91,127.4
2026-07-28,NUE,Basic Materials,Steel,7.2,265.62,1585928,683.0,1.62,90,104.2
2026-07-28,LILA,Communication Services,Telecom Services,6.6,8.31,868902,8.2,1.14,89,85.5
2026-07-28,INCY,Healthcare,Biotechnology,9.3,129.93,1901037,758.6,3.07,86,83.0
2026-07-28,THC,Healthcare,Medical Care Facilities,7.9,262.63,1393249,398.3,1.09,86,69.4
2026-07-28,VFC,Consumer Cyclical,Apparel Manufacturing,6.6,18.25,7826365,194.1,1.36,81,67.8
2026-07-28,SONO,Technology,Consumer Electronics,7.3,16.8,1957770,40.3,1.23,80,66.2
2026-07-28,BLFS,Healthcare,Medical Instruments & Supplies,7.4,31.98,1215799,86.4,2.22,78,79.1
2026-07-28,AMBP,Consumer Cyclical,Packaging & Containers,7.6,5.21,2409674,44.1,3.51,76,66.2
2026-07-28,RERE,Consumer Cyclical,Internet Retail,5.1,4.33,1153892,8.7,1.75,74,44.3
2026-07-28,CRL,Healthcare,Diagnostics & Research,7.2,240.43,899878,243.0,1.12,72,66.7
2026-07-28,HAS,Consumer Cyclical,Leisure,6.3,96.34,2335672,364.4,1.62,69,42.0
2026-07-28,JBLU,Industrials,Airlines,10.5,6.0,30080360,513.1,2.84,68,55.0
2026-07-28,IQV,Healthcare,Diagnostics & Research,13.9,242.94,1610108,1135.8,2.9,65,57.2
2026-07-28,ATRC,Healthcare,Medical Instruments & Supplies,6.4,39.75,919148,41.5,1.14,65,56.7
2026-07-28,AXTA,Basic Materials,Specialty Chemicals,5.0,35.44,2372711,89.5,1.06,64,42.1
2026-07-28,TDOC,Healthcare,Health Information Services,5.1,9.36,4297451,45.5,1.13,64,112.7
2026-07-28,OPK,Healthcare,Diagnostics & Research,33.1,1.65,3625139,56.7,9.49,62,68.4
2026-07-28,PAY,Technology,Software - Infrastructure,8.4,34.14,1111555,38.4,1.01,62,69.8
2026-07-29,NEO,Healthcare,Diagnostics & Research,14.0,15.27,2888507,128.6,2.92,97,223.5
2026-07-29,QURE,Healthcare,Biotechnology,9.3,40.07,2088576,152.0,1.82,96,359.0
2026-07-29,CGAU,Basic Materials,Gold,6.0,17.03,1512611,43.3,1.68,95,155.3
2026-07-29,TEVA,Healthcare,Drug Manufacturers - Specialty & Generic,9.6,34.71,5779053,585.1,2.92,92,131.6
2026-07-29,CVE,Energy,Oil & Gas Integrated,5.1,29.07,8094436,262.3,1.11,91,103.1
2026-07-29,YOU,Technology,Software - Application,8.5,58.39,1365325,125.3,1.57,91,109.3
2026-07-29,WTI,Energy,Oil & Gas E&P,11.0,3.53,4838217,19.6,1.15,91,136.6
2026-07-29,DDOG,Technology,Software - Application,5.3,264.2,5067875,1736.2,1.3,88,169.6
2026-07-29,GKOS,Healthcare,Medical Devices,6.8,161.66,1052668,502.0,2.95,87,121.0
2026-07-29,EQNR,Energy,Oil & Gas Integrated,7.0,40.95,3966853,173.8,1.07,86,88.3
2026-07-29,CLDX,Healthcare,Biotechnology,5.4,37.51,1049187,59.0,1.5,86,90.2
2026-07-29,CHEF,Consumer Defensive,Food Distribution,5.4,105.63,550267,160.0,2.75,84,98.6
2026-07-29,CAKE,Consumer Cyclical,Restaurants,13.6,101.14,1414505,543.8,3.8,83,137.1
2026-07-29,NP,その他,,10.1,35.11,874892,56.1,1.83,77,137.6
2026-07-29,NVST,Healthcare,Medical Instruments & Supplies,5.2,28.37,2945869,157.1,1.88,77,51.1
2026-07-29,ASH,Basic Materials,Specialty Chemicals,7.1,72.84,1011608,206.2,2.8,76,60.8
2026-07-29,ALLO,Healthcare,Biotechnology,9.0,1.81,8534375,22.6,1.46,76,84.7
2026-07-29,GRMN,Technology,Scientific & Technical Instruments,16.2,294.83,908771,926.3,3.46,73,59.9
2026-07-29,EDU,Consumer Defensive,Education & Training Services,15.3,58.58,604409,84.3,2.38,72,42.4
2026-07-29,PAY,Technology,Software - Infrastructure,7.5,36.7,1125911,43.0,1.04,71,82.5
2026-07-29,STAA,Healthcare,Medical Instruments & Supplies,5.3,23.87,813446,19.8,1.02,71,53.1
2026-07-29,CRGY,Energy,Oil & Gas E&P,6.0,11.05,6301224,70.0,1.01,63,46.7
2026-07-30,BW,Industrials,Specialty Industrial Machinery,19.3,9.47,3680844,50.0,1.44,99,951.1
2026-07-30,AXTI,Technology,Semiconductor Equipment & Materials,27.0,46.94,9068443,721.3,1.69,99,2437.3
2026-07-30,INTW,その他,,22.9,19.86,5710835,134.5,1.19,99,1056.3
2026-07-30,ORKA,Healthcare,Biotechnology,11.1,97.86,1391273,138.2,1.02,99,662.1
2026-07-30,MUU,その他,,37.4,26.97,62304942,2202.0,1.31,99,3305.5
2026-07-30,MULL,その他,,36.9,18.72,10613525,244.8,1.23,99,3100.3
2026-07-30,DOCN,Technology,Software - Infrastructure,12.6,120.23,3457835,551.0,1.33,98,370.4
2026-07-30,HUT,Financial Services,Capital Markets,22.8,108.27,4337237,565.7,1.2,98,479.6
2026-07-30,GLUE,Healthcare,Biotechnology,5.2,22.68,1312429,37.5,1.26,98,450.5
2026-07-30,INTC,Technology,Semiconductors,11.3,91.13,124138481,12174.8,1.08,98,380.4
2026-07-30,CIFR,Technology,Information Technology Services,28.1,22.66,25545714,818.3,1.41,98,397.9
2026-07-30,BE,Industrials,Electrical Equipment & Parts,26.5,207.12,14555394,7232.6,2.4,98,536.9
2026-07-30,BIOA,Healthcare,Drug Manufacturers - Specialty & Generic,12.0,24.85,595280,16.6,1.12,98,504.6
2026-07-30,BFLY,Healthcare,Medical Devices,15.1,8.17,8574703,81.4,1.16,98,518.9
2026-07-30,SOXL,その他,,24.7,114.72,64928076,12002.0,1.61,98,408.4
2026-07-30,VICR,Technology,Electronic Components,13.1,206.67,890367,196.3,1.07,98,394.9
2026-07-30,SIMO,Technology,Semiconductors,21.7,255.1,990757,660.0,2.61,97,261.7
2026-07-30,PBF,Energy,Oil & Gas Refining & Marketing,15.4,73.1,2864992,481.8,2.3,97,256.1
2026-07-30,NBIS,Communication Services,Internet Content & Information,27.1,188.43,19187530,7680.4,2.12,97,276.1
2026-07-30,IRD,Healthcare,Biotechnology,10.7,3.84,984737,4.0,1.05,97,269.2
2026-07-30,FORM,Technology,Semiconductor Equipment & Materials,26.3,105.38,1744977,255.5,1.39,97,304.1
2026-07-30,ANAB,Healthcare,Biotechnology,5.6,55.04,676059,58.8,1.58,97,382.6
2026-07-30,TE,Industrials,Electrical Equipment & Parts,14.8,4.27,43098591,322.8,1.75,97,271.3
2026-07-30,VPG,Technology,Scientific & Technical Instruments,8.2,87.92,599417,59.7,1.13,97,243.7
2026-07-30,WULF,Financial Services,Capital Markets,18.1,17.82,32242196,778.7,1.36,97,284.1
2026-07-30,SPHR,Communication Services,Entertainment,5.8,148.32,692242,185.3,1.81,97,291.4
2026-07-30,UCTT,Technology,Semiconductor Equipment & Materials,19.6,83.23,1414262,136.3,1.16,97,291.1
2026-07-30,SKYT,Technology,Semiconductors,6.1,32.46,864845,66.1,2.36,97,282.3
2026-07-30,KEEL,Technology,Information Technology Services,27.4,4.05,47271199,259.3,1.35,96,255.3
2026-07-30,LRCX,Technology,Semiconductor Equipment & Materials,18.0,297.72,12243704,6524.0,1.79,96,229.2
2026-07-30,CDNA,Healthcare,Diagnostics & Research,7.6,38.1,972808,60.5,1.63,96,238.4
2026-07-30,BAND,Technology,Software - Infrastructure,5.1,38.83,1426023,87.9,1.59,96,210.6
2026-07-30,FOSL,Consumer Cyclical,Footwear & Accessories,10.7,4.87,869211,10.5,2.49,96,216.2
2026-07-30,SLNH,Financial Services,Capital Markets,14.0,1.3,17853834,25.5,1.1,96,209.5
2026-07-30,TYRA,Healthcare,Biotechnology,6.3,33.06,851332,28.2,1.0,96,231.9
2026-07-30,MKSI,Technology,Scientific & Technical Instruments,13.9,293.3,1349320,842.8,2.13,96,233.2
2026-07-30,KLIC,Technology,Semiconductor Equipment & Materials,6.6,88.32,1094242,117.3,1.21,95,186.1
2026-07-30,VCYT,Healthcare,Diagnostics & Research,7.3,59.78,1253127,88.9,1.19,95,160.8
2026-07-30,XNCR,Healthcare,Biotechnology,10.0,21.49,942887,34.1,1.68,95,210.5
2026-07-30,ONTO,Technology,Semiconductor Equipment & Materials,14.8,250.52,1368000,343.9,1.0,95,180.2
2026-07-30,POWL,Industrials,Electrical Equipment & Parts,12.3,209.3,745486,172.2,1.1,95,204.2
2026-07-30,AMLX,Healthcare,Drug Manufacturers - Specialty & Generic,5.2,20.75,1632232,72.7,2.15,95,177.4
2026-07-30,COHU,Technology,Semiconductor Equipment & Materials,18.1,46.45,1444712,102.4,1.53,95,161.0
2026-07-30,CGAU,Basic Materials,Gold,7.6,18.32,1529295,31.6,1.13,95,174.6
2026-07-30,NEOG,Healthcare,Medical Devices,22.7,11.53,2270604,52.9,2.02,94,152.9
2026-07-30,IREN,Financial Services,Capital Markets,30.5,38.26,45756650,2734.8,1.56,94,159.9
2026-07-30,ADPT,Healthcare,Diagnostics & Research,7.2,24.18,3071797,127.7,1.72,94,142.9
2026-07-30,TTMI,Technology,Electronic Components,13.5,115.51,2883298,408.9,1.23,94,194.7
2026-07-30,COHR,Technology,Scientific & Technical Instruments,12.2,249.06,5429338,1370.1,1.01,93,195.3
2026-07-30,PRM,Basic Materials,Specialty Chemicals,7.4,37.23,1586903,63.0,1.07,93,141.3
2026-07-30,SSRM,Basic Materials,Gold,6.7,26.68,3104689,88.9,1.07,93,124.8
2026-07-30,FLEX,Technology,Electronic Components,8.6,111.91,7119944,910.9,1.14,93,134.0
2026-07-30,EWY,その他,,11.8,161.21,23178024,8069.3,2.16,93,134.3
2026-07-30,AMKR,Technology,Semiconductor Equipment & Materials,12.9,48.26,6154687,413.0,1.39,92,125.7
2026-07-30,APLD,Technology,Information Technology Services,20.5,27.97,21355778,712.1,1.19,92,145.4
2026-07-30,GLW,Technology,Electronic Components,9.0,135.22,15068703,2120.8,1.04,92,122.5
2026-07-30,ALAB,Technology,Semiconductors,20.0,299.69,5805454,1866.3,1.07,92,206.1
2026-07-30,BHE,Technology,Electronic Components,7.2,79.42,500684,40.7,1.02,91,133.7
2026-07-30,KLAC,Technology,Semiconductor Equipment & Materials,6.0,180.33,13419825,3146.4,1.3,91,117.6
2026-07-30,SHOO,Consumer Cyclical,Footwear & Accessories,10.2,47.83,1079326,100.6,1.95,91,111.3
2026-07-30,PUMP,Energy,Oil & Gas Equipment & Services,6.0,10.82,5127011,59.6,1.07,91,139.9
2026-07-30,TECK,Basic Materials,Other Industrial Metals & Mining,8.7,62.49,3319790,271.0,1.31,90,102.8
2026-07-30,BRUN,Technology,Software - Infrastructure,26.9,19.85,1884343,79.8,2.13,90,93.7
2026-07-30,LGN,その他,,12.7,59.81,1523461,182.2,2.0,90,121.8
2026-07-30,ILMN,Healthcare,Diagnostics & Research,5.3,205.09,1900694,555.9,1.43,90,133.1
2026-07-30,AEIS,Industrials,Electrical Equipment & Parts,8.6,274.26,937211,324.4,1.26,90,114.0
2026-07-30,KGS,Energy,Oil & Gas Equipment & Services,5.9,58.26,1877342,156.4,1.43,89,99.7
2026-07-30,MTSI,Technology,Semiconductors,8.7,248.71,1719816,594.4,1.39,88,110.5
2026-07-30,NVT,Industrials,Electrical Equipment & Parts,8.4,144.8,2065944,491.3,1.64,88,86.6
2026-07-30,TECL,その他,,16.2,174.45,1076008,206.7,1.1,88,132.3
2026-07-30,USAS,Basic Materials,Other Industrial Metals & Mining,7.7,3.94,4052096,16.2,1.02,87,81.1
2026-07-30,CORT,Healthcare,Biotechnology,27.3,118.32,1150910,526.9,3.87,87,312.8
2026-07-30,PTEN,Energy,Oil & Gas Drilling,5.6,9.85,9442882,140.1,1.51,87,99.9
2026-07-30,ARM,Technology,Semiconductors,7.4,241.54,10072255,3043.9,1.25,86,141.5
2026-07-30,SBLK,Industrials,Marine Shipping,6.4,29.15,1355746,56.0,1.42,85,81.4
2026-07-30,DIOD,Technology,Semiconductors,7.8,82.0,629585,52.7,1.02,85,93.9
2026-07-30,CHEF,Consumer Defensive,Food Distribution,6.2,112.22,560065,116.8,1.86,84,110.9
2026-07-30,ECG,Industrials,Engineering & Construction,12.6,122.94,589113,72.7,1.0,84,79.4
2026-07-30,RIOT,Financial Services,Capital Markets,21.3,22.12,16598169,567.6,1.55,84,108.9
2026-07-30,ALLO,Healthcare,Biotechnology,8.8,1.97,8618123,20.7,1.22,83,101.0
2026-07-30,ULCC,Industrials,Airlines,7.4,6.98,4410520,39.3,1.28,83,131.1
2026-07-30,CORZ,Technology,Software - Infrastructure,20.4,21.81,12837620,492.3,1.76,83,73.2
2026-07-30,SANM,Technology,Electronic Components,12.0,183.48,1165221,273.2,1.28,82,69.3
2026-07-30,SEI,Energy,Oil & Gas Equipment & Services,18.1,51.28,2881657,273.7,1.85,82,110.8
2026-07-30,DSX,Industrials,Marine Shipping,7.5,2.3,801029,3.2,1.72,80,59.9
2026-07-30,APH,Technology,Electronic Components,6.3,159.82,8997417,1454.9,1.01,79,56.6
2026-07-30,BWEN,Industrials,Specialty Industrial Machinery,11.7,3.9,521150,3.0,1.49,79,107.4
2026-07-30,ENTG,Technology,Semiconductor Equipment & Materials,9.4,117.11,3354617,509.0,1.3,79,72.7
2026-07-30,CRML,Basic Materials,Other Industrial Metals & Mining,8.4,5.56,6400009,35.9,1.01,78,66.5
2026-07-30,WHD,Energy,Oil & Gas Equipment & Services,18.5,62.0,795736,94.1,1.91,78,88.3
2026-07-30,LBRT,Energy,Oil & Gas Equipment & Services,5.0,17.95,4363250,124.7,1.59,78,83.3
2026-07-30,STGW,Communication Services,Advertising Agencies,5.1,8.49,1422894,12.3,1.02,78,97.9
2026-07-30,CAMT,Technology,Semiconductor Equipment & Materials,8.1,137.23,500597,80.0,1.16,77,81.2
2026-07-30,CECO,Industrials,Pollution & Treatment Controls,9.6,65.54,964211,88.0,1.39,77,57.1
2026-07-30,TQQQ,その他,,9.6,63.3,71329341,4652.7,1.03,76,70.0
2026-07-30,MOD,Consumer Cyclical,Auto Parts,8.9,193.91,1676987,1002.2,3.08,76,74.4
2026-07-30,CMCO,Industrials,Farm & Heavy Construction Machinery,41.5,20.68,679281,49.6,3.53,76,72.5
2026-07-30,CVI,Energy,Oil & Gas Refining & Marketing,10.0,38.08,949992,80.9,2.24,75,94.7
2026-07-30,DNN,Energy,Uranium,8.6,2.92,24578110,89.4,1.25,75,57.0
2026-07-30,NWG,Financial Services,Banks - Regional,5.4,18.53,4658164,87.8,1.02,74,45.9
2026-07-30,MYGN,Healthcare,Diagnostics & Research,6.5,5.37,1497870,10.0,1.24,74,52.1
2026-07-30,QMCO,Technology,Computer Hardware,7.6,11.24,1233864,16.3,1.18,74,168.3
2026-07-30,Q,その他,,5.8,130.52,1995240,388.0,1.49,73,85.5
2026-07-30,FLS,Industrials,Specialty Industrial Machinery,7.7,75.32,2051003,236.4,1.53,72,56.0
2026-07-30,JBLU,Industrials,Airlines,6.1,6.07,32000146,269.0,1.38,72,56.8
2026-07-30,KYIV,Communication Services,Telecom Services,6.9,14.02,611363,9.2,1.07,71,50.9
2026-07-30,XLK,その他,,5.5,175.73,12290112,2606.7,1.21,71,38.9
2026-07-30,QLD,その他,,6.6,82.68,4759586,433.9,1.1,71,46.2
2026-07-30,METD,その他,,8.0,17.86,544030,22.2,2.28,70,36.5
2026-07-30,RRX,Industrials,Specialty Industrial Machinery,8.0,202.59,1030090,252.2,1.21,70,59.3
2026-07-30,UROY,Energy,Uranium,12.9,3.42,2955693,12.4,1.23,69,41.3
2026-07-30,EYPT,Healthcare,Biotechnology,7.9,12.86,1373116,20.0,1.13,68,36.8
2026-07-30,ORN,Industrials,Engineering & Construction,5.4,9.57,525152,9.6,1.9,66,48.6
2026-07-30,CLSK,Financial Services,Capital Markets,21.1,14.54,23581462,443.1,1.29,65,81.7
2026-07-30,LNC,Financial Services,Insurance - Life,11.1,46.02,1878879,268.6,3.11,64,46.5
2026-07-30,BAX,Healthcare,Medical Instruments & Supplies,8.0,26.75,6774287,563.5,3.11,62,70.1
2026-07-30,CTRI,Utilities,Utilities - Regulated Gas,10.5,26.84,1420828,52.0,1.36,62,41.0
2026-07-30,RMBS,Technology,Semiconductors,8.2,89.58,3179896,320.2,1.12,60,33.4
2026-07-31,AXTI,Technology,Semiconductor Equipment & Materials,28.7,60.43,9530720,1783.3,3.1,99,3166.5
2026-07-31,IRWD,Healthcare,Drug Manufacturers - Specialty & Generic,13.4,4.23,2294690,15.0,1.54,98,487.5
2026-07-31,GH,Healthcare,Diagnostics & Research,6.3,161.99,2888022,742.5,1.59,98,301.5
2026-07-31,CDNA,Healthcare,Diagnostics & Research,14.7,43.71,1019036,120.1,2.7,97,288.2
2026-07-31,PGEN,Healthcare,Biotechnology,5.6,6.27,4862146,34.6,1.14,97,284.7
2026-07-31,SKYT,Technology,Semiconductors,6.1,32.46,868914,72.7,2.58,97,282.3
2026-07-31,GGLL,その他,,13.5,110.18,1622145,237.3,1.33,96,197.3
2026-07-31,AEIS,Industrials,Electrical Equipment & Parts,5.6,289.52,925269,287.0,1.07,92,125.9
2026-07-31,BTE,Energy,Oil & Gas E&P,7.0,4.56,19073077,113.0,1.3,92,138.0
2026-07-31,AMCX,Communication Services,Entertainment,15.3,11.2,594309,35.9,5.4,90,107.0
2026-07-31,PTEN,Energy,Oil & Gas Drilling,6.4,10.48,9544025,136.6,1.37,90,112.7
2026-07-31,NVT,Industrials,Electrical Equipment & Parts,6.2,153.83,2117357,685.6,2.1,86,82.2
2026-07-31,VRT,Industrials,Electrical Equipment & Parts,6.2,241.57,6532013,2603.6,1.65,85,103.7
2026-07-31,OIS,Energy,Oil & Gas Equipment & Services,7.0,8.11,746762,8.2,1.35,84,70.7
2026-07-31,DSX,Industrials,Marine Shipping,5.7,2.43,823327,3.3,1.66,84,68.9
2026-07-31,ANET,Technology,Computer Hardware,5.5,180.35,8288427,1526.5,1.02,80,57.5
2026-07-31,REPL,Healthcare,Biotechnology,107.0,11.2,5866354,373.4,5.68,77,646.7
2026-07-31,TYGO,Technology,Solar,10.4,1.91,1238202,3.7,1.58,76,60.5
2026-07-31,AMBA,Technology,Semiconductor Equipment & Materials,16.1,86.0,2013970,777.3,4.49,70,78.1
2026-07-31,DUOT,Technology,Software - Application,5.8,8.61,851094,14.3,1.95,67,49.1
2026-07-31,GVA,Industrials,Engineering & Construction,5.3,120.97,968220,205.1,1.75,67,35.3
2026-07-31,AMZU,その他,,29.7,41.72,3324924,474.8,3.42,65,72.0
2026-07-31,AMZN,Consumer Cyclical,Internet Retail,15.3,271.58,51926585,34197.6,2.42,63,38.6
2026-07-31,NWL,Consumer Defensive,Household & Personal Products,8.9,5.6,12020952,248.2,3.69,63,92.7
2026-08-03,AXTI,Technology,Semiconductor Equipment & Materials,13.6,68.67,9726282,1178.5,1.76,99,3514.2
2026-08-03,AAOI,Technology,Communication Equipment,16.8,110.21,11502150,1314.6,1.04,98,495.7
2026-08-03,BE,Industrials,Electrical Equipment & Parts,6.1,218.32,14986580,3987.8,1.22,98,523.8
2026-08-03,BFLY,Healthcare,Medical Devices,15.6,8.22,8831774,101.0,1.39,98,522.7
2026-08-03,DOCN,Technology,Software - Infrastructure,8.2,127.17,3512301,548.6,1.23,98,385.4
2026-08-03,CIFR,Technology,Information Technology Services,8.2,24.16,25996129,856.9,1.36,98,431.0
2026-08-03,TSEM,Technology,Semiconductors,6.7,234.32,1882444,818.7,1.86,98,414.9
2026-08-03,AXGN,Healthcare,Medical Devices,8.3,45.73,1315966,63.6,1.06,97,269.1
2026-08-03,FOSL,Consumer Cyclical,Footwear & Accessories,19.0,5.89,903419,16.0,3.0,97,270.4
2026-08-03,CDNA,Healthcare,Diagnostics & Research,9.5,47.85,1051775,140.1,2.78,97,325.0
2026-08-03,ARTV,Healthcare,Biotechnology,6.5,10.76,537557,6.1,1.06,97,384.7
2026-08-03,ICHR,Technology,Semiconductor Equipment & Materials,6.6,80.23,1183073,104.2,1.1,97,511.5
2026-08-03,PGEN,Healthcare,Biotechnology,5.4,6.61,4949419,48.7,1.49,97,288.8
2026-08-03,WULF,Financial Services,Capital Markets,6.6,18.83,32785825,732.9,1.19,97,303.2
2026-08-03,NBIS,Communication Services,Internet Content & Information,11.6,212.58,19640827,5402.2,1.29,97,302.0
2026-08-03,ACRS,Healthcare,Biotechnology,6.3,5.53,1735931,10.8,1.12,97,268.7
2026-08-03,VSAT,Technology,Communication Equipment,5.7,81.29,2882711,282.4,1.21,97,344.0
2026-08-03,TE,Industrials,Electrical Equipment & Parts,18.5,4.94,41259361,263.6,1.29,97,325.9
2026-08-03,UCTT,Technology,Semiconductor Equipment & Materials,7.0,89.17,1438221,136.4,1.06,97,314.9
2026-08-03,TWST,Healthcare,Diagnostics & Research,10.4,101.06,1809056,296.7,1.62,97,333.7
2026-08-03,GGLL,その他,,9.8,120.95,1634968,236.2,1.19,96,218.2
2026-08-03,ELVN,Healthcare,Biotechnology,5.9,58.04,1515124,164.7,1.87,96,292.6
2026-08-03,BLZE,Technology,Software - Infrastructure,13.6,15.59,3218489,58.7,1.17,96,378.1
2026-08-03,POWL,Industrials,Electrical Equipment & Parts,5.3,219.72,765637,293.1,1.74,96,219.3
2026-08-03,LIND,Consumer Cyclical,Travel Services,12.0,33.12,932105,64.9,2.1,95,191.3
2026-08-03,PYXS,Healthcare,Biotechnology,14.7,3.04,1031584,3.4,1.09,95,213.4
2026-08-03,COHR,Technology,Scientific & Technical Instruments,9.6,288.14,5449448,1592.8,1.01,95,241.6
2026-08-03,BIOA,Healthcare,Drug Manufacturers - Specialty & Generic,19.2,10.78,847939,37.9,4.15,94,161.7
2026-08-03,AVR,Healthcare,Medical Instruments & Supplies,5.6,8.28,1339937,11.8,1.06,94,168.4
2026-08-03,SSRM,Basic Materials,Gold,5.3,26.99,3116628,91.1,1.08,92,120.9
2026-08-03,REPL,Healthcare,Biotechnology,6.3,11.91,5954161,122.1,1.72,91,694.0
2026-08-03,IMAX,Communication Services,Entertainment,6.6,51.0,1342410,144.8,2.11,90,110.7
2026-08-03,VRT,Industrials,Electrical Equipment & Parts,8.9,263.05,6600695,2469.6,1.42,89,121.9
2026-08-03,ULCC,Industrials,Airlines,13.9,7.69,4407217,37.9,1.12,89,154.6
2026-08-03,SEI,Energy,Oil & Gas Equipment & Services,8.0,55.52,2903284,200.0,1.24,87,128.3
2026-08-03,SHLS,Technology,Solar,7.2,9.37,5710567,94.9,1.77,86,111.5
2026-08-03,SEDG,Technology,Solar,9.5,45.12,2857003,131.5,1.02,86,96.1
2026-08-03,CRML,Basic Materials,Other Industrial Metals & Mining,16.2,6.38,6309165,44.4,1.1,85,81.3
2026-08-03,CORZ,Technology,Software - Infrastructure,10.2,22.83,13168768,540.5,1.8,84,79.5
2026-08-03,WT,Financial Services,Asset Management,8.4,20.99,2934512,108.6,1.76,84,97.0
2026-08-03,SBH,Consumer Cyclical,Specialty Retail,7.7,16.13,1452129,41.5,1.77,83,66.5
2026-08-03,FTAI,Industrials,Aerospace & Defense,9.3,225.15,1320049,490.0,1.65,82,68.7
2026-08-03,PACK,Consumer Cyclical,Packaging & Containers,5.9,5.42,567106,6.5,2.13,79,68.3
2026-08-03,PII,Consumer Cyclical,Recreational Vehicles,5.3,70.64,866457,69.9,1.14,77,51.3
2026-08-03,CAMT,Technology,Semiconductor Equipment & Materials,5.5,139.79,506860,78.7,1.11,76,84.5
2026-08-03,AMZU,その他,,9.2,45.56,3399434,272.8,1.76,76,87.8
2026-08-03,IART,Healthcare,Medical Devices,7.4,17.88,1003324,22.0,1.22,75,105.5
2026-08-03,LMND,Financial Services,Insurance - Property & Casualty,9.8,53.05,1591756,104.0,1.23,75,46.9
2026-08-03,EAT,Consumer Cyclical,Restaurants,5.4,225.3,996508,369.3,1.64,73,124.6
2026-08-03,ALOY,Basic Materials,Other Industrial Metals & Mining,12.5,9.88,2974293,39.4,1.34,72,75.2
2026-08-03,NWL,Consumer Defensive,Household & Personal Products,13.6,6.36,12391500,166.3,2.11,71,118.9
2026-08-03,LIFE,その他,,11.8,22.83,546413,52.6,4.22,70,141.6
2026-08-03,AMRC,Industrials,Engineering & Construction,7.9,22.73,586009,16.2,1.21,70,43.0
2026-08-03,ZTG,その他,,12.7,4.96,520590,4.4,1.69,69,355.0
2026-08-03,DUOT,Technology,Software - Application,5.3,9.07,857701,8.7,1.11,68,57.1
2026-08-03,FHI,Financial Services,Asset Management,6.6,63.94,652438,50.1,1.2,65,39.9
2026-08-03,MLKN,Consumer Cyclical,"Furnishings, Fixtures & Appliances",7.1,24.12,876835,22.4,1.06,65,80.9
2026-08-03,LUNG,Healthcare,Medical Devices,30.1,2.12,556313,4.7,3.95,65,87.6
2026-08-03,BAX,Healthcare,Medical Instruments & Supplies,7.4,28.1,6910251,235.3,1.21,64,78.7
2026-08-03,FSLR,Technology,Solar,10.3,232.73,2401367,1176.2,2.1,64,31.9
2026-08-03,SRTA,Healthcare,Medical Care Facilities,10.6,5.55,1166301,8.1,1.26,63,51.0
2026-08-03,IONS,Healthcare,Biotechnology,5.3,54.49,3052128,175.0,1.05,63,36.1
2026-08-03,ATKR,Industrials,Electrical Equipment & Parts,28.2,93.55,581191,828.7,15.24,62,78.5
2026-08-03,PRCH,Financial Services,Insurance - Property & Casualty,11.2,16.07,1949328,58.2,1.86,62,152.7
2026-08-04,INTW,その他,,21.9,24.01,5577979,148.3,1.11,99,1212.0
2026-08-04,STTK,Healthcare,Biotechnology,8.6,7.92,1438997,11.4,1.0,99,1012.4
2026-08-04,AMDL,その他,,17.7,62.62,4309425,378.7,1.4,98,605.6
2026-08-04,AEHR,Technology,Semiconductor Equipment & Materials,19.8,109.89,2502305,377.4,1.37,98,570.9
2026-08-04,AAOI,Technology,Communication Equipment,19.4,131.63,11714973,2676.7,1.74,98,611.5
2026-08-04,TE,Industrials,Electrical Equipment & Parts,9.9,5.43,40716309,267.0,1.21,98,352.5
2026-08-04,SOXL,その他,,19.9,139.9,66290347,10583.0,1.14,98,509.8
2026-08-04,BFLY,Healthcare,Medical Devices,7.2,8.81,8946978,84.6,1.07,98,567.4
2026-08-04,NBIS,Communication Services,Internet Content & Information,6.2,225.74,19663261,4703.3,1.06,97,321.6
2026-08-04,BLZE,Technology,Software - Infrastructure,26.9,19.79,3447807,231.6,3.39,97,506.9
2026-08-04,COGT,Healthcare,Biotechnology,10.2,42.84,2689681,203.4,1.77,97,312.7
2026-08-04,FORM,Technology,Semiconductor Equipment & Materials,10.6,120.3,1763728,251.7,1.19,97,345.6
2026-08-04,ACRS,Healthcare,Biotechnology,8.1,5.98,1777698,15.4,1.44,97,293.4
2026-08-04,FSLY,Technology,Software - Application,8.3,24.95,5783033,165.2,1.14,97,295.4
2026-08-04,LASR,Technology,Semiconductors,10.1,77.18,1180200,97.1,1.07,97,296.8
2026-08-04,LWLG,Basic Materials,Specialty Chemicals,16.6,7.95,4765784,46.2,1.22,97,299.5
2026-08-04,SPHR,Communication Services,Entertainment,7.6,158.54,723594,125.5,1.09,97,318.4
2026-08-04,VSAT,Technology,Communication Equipment,6.0,86.16,2902047,320.2,1.28,97,337.1
2026-08-04,UMC,Technology,Semiconductors,10.4,20.63,18284799,413.8,1.1,96,220.0
2026-08-04,ELVN,Healthcare,Biotechnology,5.3,61.11,1540464,133.4,1.42,96,313.3
2026-08-04,TTMI,Technology,Electronic Components,9.6,132.79,2923430,523.6,1.35,96,238.7
2026-08-04,EWTX,Healthcare,Biotechnology,16.5,44.71,1477528,186.9,2.83,96,263.5
2026-08-04,MRAM,Technology,Semiconductors,12.8,17.42,2161908,40.9,1.09,95,202.5
2026-08-04,MANE,その他,,5.3,107.28,732285,167.9,2.14,95,235.2
2026-08-04,JBIO,Healthcare,Biotechnology,11.5,21.35,1204414,35.8,1.39,95,220.1
2026-08-04,AMLX,Healthcare,Drug Manufacturers - Specialty & Generic,8.4,21.87,1694160,74.2,2.0,95,192.4
2026-08-04,NEXA,Basic Materials,Other Industrial Metals & Mining,5.1,13.5,764450,14.3,1.38,95,190.2
2026-08-04,RNG,Technology,Software - Application,5.9,60.67,1930431,167.6,1.43,94,158.0
2026-08-04,ADEA,Technology,Software - Application,12.3,31.21,1890039,92.7,1.57,94,171.0
2026-08-04,GLW,Technology,Electronic Components,9.0,159.89,15215282,2660.2,1.09,94,156.3
2026-08-04,AIP,Technology,Semiconductors,6.6,32.09,943233,30.6,1.01,93,281.1
2026-08-04,LSCC,Technology,Semiconductors,8.5,138.0,1943026,474.6,1.77,93,160.1
2026-08-04,LXRX,Healthcare,Biotechnology,6.9,2.49,3350268,9.7,1.16,93,144.1
2026-08-04,STOK,Healthcare,Biotechnology,7.1,31.67,826750,41.1,1.57,93,149.0
2026-08-04,IMNM,Healthcare,Biotechnology,8.9,25.06,1443829,45.2,1.25,93,189.2
2026-08-04,TECL,その他,,15.0,208.39,1069849,242.4,1.09,92,177.5
2026-08-04,TTI,Industrials,Conglomerates,11.2,8.67,1820971,18.7,1.19,91,127.0
2026-08-04,ARM,Technology,Semiconductors,17.4,280.56,9507039,2687.1,1.01,90,180.5
2026-08-04,PRM,Basic Materials,Specialty Chemicals,9.0,33.25,1751639,59.2,1.02,90,112.0
2026-08-04,NAK,Basic Materials,Other Industrial Metals & Mining,9.6,1.6,6554283,12.1,1.16,90,107.8
2026-08-04,MRCY,Industrials,Aerospace & Defense,6.6,112.8,735448,88.2,1.06,90,117.5
2026-08-04,XMTR,Industrials,Industrial Distribution,5.3,91.66,875364,148.7,1.85,90,155.6
2026-08-04,DDD,Technology,Computer Hardware,25.8,3.56,4463079,62.5,3.93,90,115.8
2026-08-04,AG,Basic Materials,Silver,5.0,16.49,11291743,191.1,1.03,89,105.6
2026-08-04,COPX,その他,,5.8,83.99,3144026,330.7,1.25,89,97.8
2026-08-04,ARW,Technology,Electronics & Computer Distribution,5.0,227.67,600928,145.1,1.06,89,123.7
2026-08-04,MTSI,Technology,Semiconductors,6.7,273.31,1722201,508.3,1.08,89,131.3
2026-08-04,TECK,Basic Materials,Other Industrial Metals & Mining,7.5,64.74,3346978,292.3,1.35,89,110.1
2026-08-04,ENTG,Technology,Semiconductor Equipment & Materials,15.5,144.56,3343693,630.9,1.31,89,113.2
2026-08-04,SEDG,Technology,Solar,8.1,48.76,2797329,173.9,1.28,88,111.9
2026-08-04,EXTR,Technology,Communication Equipment,7.9,32.34,2052863,80.9,1.22,87,139.9
2026-08-04,BWEN,Industrials,Specialty Industrial Machinery,22.3,4.99,572284,12.2,4.28,87,165.4
2026-08-04,NXT,Technology,Solar,8.6,98.44,3305671,361.4,1.11,86,87.1
2026-08-04,WT,Financial Services,Asset Management,6.7,22.39,3019247,119.6,1.77,86,110.2
2026-08-04,TQQQ,その他,,10.1,74.82,71168981,5405.9,1.02,86,100.9
2026-08-04,CAMT,Technology,Semiconductor Equipment & Materials,8.5,151.62,518397,105.1,1.34,85,100.2
2026-08-04,CGNX,Technology,Scientific & Technical Instruments,6.0,71.52,2179799,199.2,1.28,85,107.3
2026-08-04,TGTX,Healthcare,Biotechnology,5.6,48.74,2533869,139.5,1.13,85,92.8
2026-08-04,USAS,Basic Materials,Other Industrial Metals & Mining,7.3,4.39,4031530,28.0,1.58,85,101.8
2026-08-04,TDC,Technology,Software - Infrastructure,7.2,34.39,3078190,176.4,1.67,85,72.3
2026-08-04,WHD,Energy,Oil & Gas Equipment & Services,5.3,67.21,804199,57.3,1.06,84,104.1
2026-08-04,UPRO,その他,,5.3,154.14,2460664,538.1,1.42,83,75.2
2026-08-04,UDOW,その他,,5.1,76.58,1982433,196.8,1.3,83,69.8
2026-08-04,SPXL,その他,,5.3,294.56,2012744,1302.8,2.2,83,75.6
2026-08-04,LIFE,その他,,21.1,27.65,633855,147.4,8.41,83,192.6
2026-08-04,CRML,Basic Materials,Other Industrial Metals & Mining,6.3,6.78,6256392,62.6,1.48,82,92.6
2026-08-04,JXN,Financial Services,Insurance - Life,5.9,133.61,654671,110.6,1.26,81,63.7
2026-08-04,EXK,Basic Materials,Silver,7.8,8.33,6562323,72.7,1.33,81,64.3
2026-08-04,CODI,Industrials,Conglomerates,5.1,11.11,831129,10.1,1.1,81,142.6
2026-08-04,INOD,Technology,Information Technology Services,11.0,70.21,1362484,134.2,1.4,81,105.1
2026-08-04,EXPD,Industrials,Integrated Freight & Logistics,6.4,181.48,1332735,403.8,1.67,80,62.4
2026-08-04,W,Consumer Cyclical,Internet Retail,30.0,116.08,3643873,1569.8,3.71,80,108.8
2026-08-04,ZETA,Technology,Software - Infrastructure,7.5,24.26,8952219,444.1,2.05,79,68.9
2026-08-04,CMCO,Industrials,Farm & Heavy Construction Machinery,7.3,21.59,741201,16.7,1.04,79,80.1
2026-08-04,QLD,その他,,6.7,92.46,4869222,501.3,1.11,79,63.5
2026-08-04,ZTG,その他,,14.5,5.68,556022,10.0,3.17,79,421.1
2026-08-04,Q,その他,,6.3,141.67,2042438,320.8,1.11,77,101.3
2026-08-04,ALSN,Consumer Cyclical,Auto Parts,5.4,122.62,1192315,214.9,1.47,75,62.7
2026-08-04,ALOY,Basic Materials,Other Industrial Metals & Mining,10.4,10.91,3010848,42.2,1.28,74,93.4
2026-08-04,AIRJ,Industrials,Building Products & Equipment,15.0,5.84,1831835,22.5,2.11,74,163.1
2026-08-04,REMX,その他,,5.8,71.52,813504,93.6,1.61,73,43.8
2026-08-04,NOVT,Technology,Scientific & Technical Instruments,7.5,159.49,523613,99.6,1.19,71,62.3
2026-08-04,FPS,その他,,8.6,39.4,9156740,517.0,1.43,70,51.8
2026-08-04,KODK,Industrials,Specialty Business Services,5.6,8.93,918480,10.7,1.3,70,80.8
2026-08-04,IKT,Healthcare,Biotechnology,10.4,2.44,865697,3.0,1.44,69,83.5
2026-08-04,ORIC,Healthcare,Biotechnology,27.1,13.47,1856611,67.1,2.68,69,86.3
2026-08-04,PAY,Technology,Software - Infrastructure,29.2,44.6,1259019,205.0,3.65,69,121.8
2026-08-04,NB,Basic Materials,Other Industrial Metals & Mining,16.4,5.19,3426193,66.4,3.74,69,61.7
2026-08-04,TDW,Energy,Oil & Gas Equipment & Services,17.8,84.19,753696,152.6,2.41,68,80.5
2026-08-04,NBIL,その他,,12.1,29.06,2585758,96.9,1.29,67,356.2
2026-08-04,ENPH,Technology,Solar,6.1,41.77,6572892,306.6,1.12,66,62.0
2026-08-04,RHI,Industrials,Staffing & Employment Services,5.8,40.99,2449998,107.1,1.07,63,91.9
2026-08-04,SXC,Basic Materials,Coking Coal,5.5,8.87,1622096,21.4,1.49,61,63.2
2026-08-05,AXTI,Technology,Semiconductor Equipment & Materials,5.1,68.61,10094863,929.9,1.34,99,3400.5
2026-08-05,TWST,Healthcare,Diagnostics & Research,15.6,115.01,1826612,376.7,1.79,98,393.6
2026-08-05,HYMC,Basic Materials,Gold,9.5,24.48,2034858,66.6,1.34,98,632.9
2026-08-05,ACRS,Healthcare,Biotechnology,6.4,6.36,1878810,36.1,3.02,97,318.4
2026-08-05,TVTX,Healthcare,Biotechnology,12.0,62.76,1976284,395.9,3.19,97,302.3
2026-08-05,PGEN,Healthcare,Biotechnology,5.5,6.89,5369099,116.1,3.14,97,305.3
2026-08-05,CMPS,Healthcare,Medical Care Facilities,15.1,13.58,3993468,104.1,1.92,96,242.1
2026-08-05,AUGO,その他,,13.8,65.76,1092531,145.2,2.02,95,174.6
2026-08-05,MEI,Technology,Electronic Components,14.3,17.26,764110,20.1,1.52,95,257.4
2026-08-05,FTRE,Healthcare,Biotechnology,5.9,19.05,1539137,35.8,1.22,95,227.3
2026-08-05,HL,Basic Materials,Other Precious Metals & Mining,7.5,16.54,32910339,726.7,1.33,95,174.2
2026-08-05,APPS,Technology,Software - Application,38.5,13.17,7116744,270.4,2.88,95,380.7
2026-08-05,CGAU,Basic Materials,Gold,7.2,19.46,1585382,35.1,1.14,94,191.7
2026-08-05,WTTR,Energy,Oil & Gas Equipment & Services,20.3,22.26,1851594,144.3,3.5,94,187.8
2026-08-05,RYAM,Basic Materials,Chemicals,10.4,9.67,973222,24.9,2.65,94,188.7
2026-08-05,GTE,Energy,Oil & Gas E&P,38.2,9.44,706054,191.0,28.66,93,205.5
2026-08-05,URGN,Healthcare,Biotechnology,16.3,46.43,748390,115.1,3.31,92,192.7
2026-08-05,AVT,Technology,Electronics & Computer Distribution,5.1,97.22,1323494,258.4,2.01,90,123.4
2026-08-05,BVS,Healthcare,Medical Devices,13.7,15.26,762727,38.6,3.32,90,144.0
2026-08-05,AMCX,Communication Services,Entertainment,5.5,12.03,646441,16.0,2.05,90,111.8
2026-08-05,IAG,Basic Materials,Gold,7.4,15.89,5385460,105.0,1.23,90,123.5
2026-08-05,BLMN,Consumer Cyclical,Restaurants,32.8,11.85,2216138,125.6,4.78,89,128.3
2026-08-05,SSRM,Basic Materials,Gold,9.1,29.0,3244100,162.5,1.73,88,112.1
2026-08-05,ASM,Basic Materials,Other Precious Metals & Mining,9.6,6.48,3624926,36.2,1.54,87,86.7
2026-08-05,B,Basic Materials,Gold,7.4,41.05,10347728,483.1,1.14,87,89.7
2026-08-05,MD,Healthcare,Medical Care Facilities,5.2,25.99,795776,35.0,1.69,87,100.7
2026-08-05,ZTG,その他,,19.7,6.8,588184,10.8,2.7,87,523.9
2026-08-05,BWA,Consumer Cyclical,Auto Parts,5.9,66.78,2901430,194.6,1.0,86,78.8
2026-08-05,CDE,Basic Materials,Gold,7.5,17.43,35966615,848.7,1.35,86,80.3
2026-08-05,USAS,Basic Materials,Other Industrial Metals & Mining,9.6,4.81,4099902,32.4,1.64,86,121.1
2026-08-05,SA,Basic Materials,Gold,6.9,29.15,759804,22.6,1.02,86,84.7
2026-08-05,INDV,Healthcare,Drug Manufacturers - Specialty & Generic,6.1,38.73,2005784,154.4,1.99,86,80.3
2026-08-05,TX,Basic Materials,Steel,6.7,53.71,604750,86.9,2.68,86,80.8
2026-08-05,CRL,Healthcare,Diagnostics & Research,11.4,260.72,886470,424.7,1.84,85,80.7
2026-08-05,EXK,Basic Materials,Silver,7.6,8.96,6588378,68.7,1.16,84,76.7
2026-08-05,PAAS,Basic Materials,Gold,7.4,48.24,4374226,277.8,1.32,83,67.9
2026-08-05,SIL,その他,,6.6,83.77,1250067,152.0,1.45,82,66.2
2026-08-05,SN,Consumer Cyclical,"Furnishings, Fixtures & Appliances",8.3,182.11,1865233,628.2,1.85,81,119.1
2026-08-05,NUGT,その他,,14.7,140.21,680400,132.1,1.39,81,64.5
2026-08-05,EGO,Basic Materials,Gold,13.1,36.0,2673320,152.1,1.58,80,67.8
2026-08-05,EQX,Basic Materials,Gold,7.7,10.32,13961489,267.0,1.85,80,64.4
2026-08-05,NEM,Basic Materials,Gold,6.7,104.29,8210348,867.6,1.01,80,57.5
2026-08-05,COMP,Real Estate,Real Estate Services,6.9,12.83,13976056,385.0,2.15,80,101.4
2026-08-05,GDXJ,その他,,7.4,109.48,5867364,1008.3,1.57,80,61.2
2026-08-05,FLYW,Technology,Software - Infrastructure,8.1,18.65,2449898,105.9,2.32,79,76.8
2026-08-05,SRTA,Healthcare,Medical Care Facilities,5.0,5.85,1197231,14.5,2.07,78,59.2
2026-08-05,AMPX,Industrials,Electrical Equipment & Parts,8.4,11.72,7464123,132.8,1.52,77,84.2
2026-08-05,GDX,その他,,7.4,83.68,22347056,3390.5,1.81,76,49.6
2026-08-05,KODK,Industrials,Specialty Business Services,10.4,9.86,952487,22.7,2.42,74,99.6
2026-08-05,RGEN,Healthcare,Medical Instruments & Supplies,5.9,158.59,1152405,201.2,1.1,73,57.0
2026-08-05,QLYS,Technology,Software - Infrastructure,13.8,183.25,799005,297.0,2.03,73,145.9
2026-08-05,NXDR,Communication Services,Internet Content & Information,6.1,2.45,2740157,15.2,2.27,72,84.2
2026-08-05,SATL,Industrials,Aerospace & Defense,7.3,4.82,7775857,60.3,1.61,72,284.1
2026-08-05,BLLN,その他,,5.4,149.97,722019,115.4,1.07,71,142.0
2026-08-05,KGC,Basic Materials,Gold,8.9,25.7,8413432,315.0,1.46,71,42.7
2026-08-05,IFF,Basic Materials,Specialty Chemicals,8.9,88.07,2044926,303.0,1.68,70,51.5
2026-08-05,FSM,Basic Materials,Gold,6.1,9.6,5179619,81.1,1.63,70,55.6
2026-08-05,ZETA,Technology,Software - Infrastructure,11.6,27.07,9568687,951.7,3.67,68,88.4
2026-08-05,SKY,Consumer Cyclical,Residential Construction,10.7,91.16,763091,119.2,1.71,67,43.1
2026-08-05,WPM,Basic Materials,Gold,6.4,122.82,1990622,402.6,1.65,62,35.5
2026-08-05,GFI,Basic Materials,Gold,9.3,37.29,3789176,200.1,1.42,61,31.2
2026-08-07,AXTI,Technology,Semiconductor Equipment & Materials,17.8,88.58,10379442,1687.7,1.84,99,4221.0
2026-08-07,HYMC,Basic Materials,Gold,11.5,26.54,2044667,58.4,1.08,99,694.6
2026-08-07,TE,Industrials,Electrical Equipment & Parts,5.4,5.85,39665634,313.3,1.35,98,387.5
2026-08-07,AAOI,Technology,Communication Equipment,9.2,135.63,12126062,3241.3,1.97,98,633.1
2026-08-07,TSEM,Technology,Semiconductors,12.4,252.49,2025448,541.4,1.06,98,454.8
2026-08-07,TXG,Healthcare,Health Information Services,14.1,52.03,3241393,269.9,1.6,98,366.2
2026-08-07,CGAU,Basic Materials,Gold,7.2,21.24,1605799,47.6,1.4,96,218.4
2026-08-07,XFOR,Healthcare,Biotechnology,11.3,4.64,781878,7.4,2.03,96,243.7
2026-08-07,FATE,Healthcare,Biotechnology,12.4,2.8,3755700,11.2,1.07,96,207.7
2026-08-07,AUGO,その他,,13.0,74.13,1110226,96.0,1.17,95,204.1
2026-08-07,PEPG,Healthcare,Biotechnology,18.3,2.85,946626,9.2,3.39,94,182.2
2026-08-07,ERO,Basic Materials,Copper,10.3,34.31,1165051,92.7,2.32,93,156.6
2026-08-07,IAG,Basic Materials,Gold,14.3,18.32,5589554,215.3,2.1,93,157.7
2026-08-07,NRGV,Utilities,Utilities - Renewable,17.9,3.49,5635764,64.6,3.29,93,190.8
2026-08-07,FNKO,Consumer Cyclical,Leisure,11.4,5.88,831626,19.1,3.91,93,164.9
2026-08-07,TWLO,Technology,Software - Infrastructure,24.9,241.28,2379548,1959.1,3.41,93,162.7
2026-08-07,LAR,Basic Materials,Other Industrial Metals & Mining,5.3,6.94,1811311,15.4,1.22,93,156.1
2026-08-07,IFRX,Healthcare,Biotechnology,7.0,1.84,1154953,2.1,1.01,92,136.2
2026-08-07,CENX,Basic Materials,Aluminum,11.5,51.23,2238167,187.6,1.64,92,145.0
2026-08-07,FIGS,Consumer Cyclical,Apparel Manufacturing,26.9,14.26,3235276,160.5,3.48,92,135.1
2026-08-07,GRAL,Healthcare,Diagnostics & Research,9.6,69.48,719050,113.9,2.28,91,132.0
2026-08-07,HL,Basic Materials,Other Precious Metals & Mining,6.2,16.85,33993864,611.6,1.07,91,134.6
2026-08-07,SSRM,Basic Materials,Gold,10.5,31.78,3317198,131.3,1.25,90,116.6
2026-08-07,AEVA,Technology,Software - Infrastructure,5.4,26.62,2150941,71.4,1.25,90,201.5
2026-08-07,FROG,Technology,Software - Application,7.8,89.52,2910536,391.0,1.5,90,162.9
2026-08-07,DIOD,Technology,Semiconductors,6.5,105.17,608882,66.0,1.03,90,148.7
2026-08-07,AMN,Healthcare,Medical Care Facilities,16.9,36.0,940580,46.8,1.38,90,142.1
2026-08-07,TNDM,Healthcare,Medical Devices,19.1,22.38,2294073,119.4,2.33,89,123.8
2026-08-07,MUX,Basic Materials,Other Precious Metals & Mining,5.1,19.19,1144817,22.5,1.02,88,95.4
2026-08-07,B,Basic Materials,Gold,5.6,43.68,10463909,625.2,1.37,88,101.9
2026-08-07,SA,Basic Materials,Gold,7.3,31.13,767922,31.0,1.3,88,97.3
2026-08-07,KGS,Energy,Oil & Gas Equipment & Services,5.3,59.9,1851023,164.8,1.49,88,101.2
2026-08-07,YJ,Consumer Cyclical,Internet Retail,176.4,3.4,1025506,171.9,49.31,88,206.3
2026-08-07,LIFE,その他,,6.0,31.61,751102,48.6,2.04,87,234.5
2026-08-07,ALOY,Basic Materials,Other Industrial Metals & Mining,14.8,12.27,3107272,47.0,1.23,87,117.6
2026-08-07,MITK,Technology,Software - Application,10.0,18.49,940463,38.0,2.19,87,116.8
2026-08-07,USAS,Basic Materials,Other Industrial Metals & Mining,7.3,5.01,4139655,27.5,1.33,87,130.3
2026-08-07,OSCR,Healthcare,Healthcare Plans,5.1,27.9,6282676,291.9,1.67,86,161.0
2026-08-07,NUGT,その他,,14.0,160.84,695573,179.5,1.6,86,88.7
2026-08-07,EQX,Basic Materials,Gold,7.8,11.58,14944729,361.7,2.09,86,84.5
2026-08-07,AU,Basic Materials,Gold,9.9,96.22,3256803,326.2,1.04,86,95.1
2026-08-07,CEVA,Technology,Semiconductors,8.7,38.67,850957,53.6,1.63,86,127.2
2026-08-07,ASM,Basic Materials,Other Precious Metals & Mining,7.8,6.88,3689110,37.1,1.46,86,89.5
2026-08-07,EXK,Basic Materials,Silver,8.0,9.54,6668745,68.6,1.08,85,88.2
2026-08-07,SSP,Communication Services,Broadcasting,12.5,3.32,748121,6.4,2.56,85,118.6
2026-08-07,EGO,Basic Materials,Gold,5.5,37.92,2725149,111.0,1.07,84,76.7
2026-08-07,AREC,Basic Materials,Coking Coal,20.7,2.74,3077184,14.8,1.76,84,132.2
2026-08-07,LUMN,Communication Services,Telecom Services,5.8,6.24,13770896,118.8,1.38,83,69.1
2026-08-07,NEM,Basic Materials,Gold,7.2,112.98,8315743,1046.4,1.11,83,70.1
2026-08-07,AA,Basic Materials,Aluminum,5.7,50.17,5842119,296.9,1.01,83,74.5
2026-08-07,GFS,Technology,Semiconductors,7.1,53.93,4058176,296.5,1.35,83,71.4
2026-08-07,GDXJ,その他,,7.5,117.62,5936387,1186.4,1.7,83,71.9
2026-08-07,PAAS,Basic Materials,Gold,6.6,51.22,4408894,270.2,1.2,82,68.4
2026-08-07,HALO,Healthcare,Biotechnology,20.2,103.12,1932543,776.5,3.9,82,68.4
2026-08-07,SIL,その他,,6.3,88.5,1281215,198.3,1.75,82,72.5
2026-08-07,PUBM,Technology,Software - Application,31.9,17.78,606892,58.4,5.41,82,189.1
2026-08-07,CRSR,Technology,Computer Hardware,35.2,14.35,2871770,136.4,3.31,81,220.3
2026-08-07,CON,Healthcare,Medical Care Facilities,11.5,34.06,990843,69.4,2.06,81,85.2
2026-08-07,HNGE,その他,,11.6,89.33,2069716,194.0,1.05,80,197.0
2026-08-07,OABI,Healthcare,Biotechnology,37.5,3.08,560775,7.6,4.38,80,136.9
2026-08-07,FSM,Basic Materials,Gold,8.7,10.39,5311084,71.1,1.29,80,64.1
2026-08-07,EGY,Energy,Oil & Gas E&P,7.6,5.55,1313182,11.3,1.54,80,68.8
2026-08-07,AQB,Consumer Defensive,Farm Products,9.3,1.17,553353,16.5,25.56,80,67.1
2026-08-07,GDX,その他,,7.1,89.89,22912038,3919.4,1.9,80,60.7
2026-08-07,CRML,Basic Materials,Other Industrial Metals & Mining,10.7,7.25,6081970,66.7,1.51,80,83.1
2026-08-07,EXFY,Technology,Software - Application,35.9,2.69,1608031,15.6,3.61,80,289.3
2026-08-07,TILE,Consumer Cyclical,"Furnishings, Fixtures & Appliances",9.1,38.29,534418,44.8,2.19,79,57.1
2026-08-07,RDW,Industrials,Aerospace & Defense,14.9,13.59,30803808,446.0,1.07,78,179.1
2026-08-07,ASH,Basic Materials,Specialty Chemicals,5.5,76.45,981241,134.5,1.79,78,68.8
2026-08-07,CDE,Basic Materials,Gold,11.1,17.39,37662642,866.0,1.32,77,59.4
2026-08-07,MTZ,Industrials,Engineering & Construction,5.3,272.46,1381032,396.4,1.05,77,62.5
2026-08-07,WOLF,その他,,19.1,32.87,5588827,205.0,1.12,77,308.3
2026-08-07,ZD,Communication Services,Advertising Agencies,5.7,53.87,649905,78.1,2.23,76,140.0
2026-08-07,UUUU,Energy,Uranium,9.6,14.14,9146275,169.0,1.31,76,73.3
2026-08-07,ABNB,Consumer Cyclical,Travel Services,17.4,178.07,3982580,2760.7,3.89,76,60.7
2026-08-07,DC,Basic Materials,Gold,8.7,6.0,1596154,9.8,1.03,76,60.4
2026-08-07,KGC,Basic Materials,Gold,7.9,27.64,8586353,344.4,1.45,75,50.4
2026-08-07,AVNT,Basic Materials,Specialty Chemicals,7.1,45.69,906563,63.5,1.53,74,70.4
2026-08-07,VISN,Technology,Communication Equipment,8.3,10.94,6333638,176.2,2.54,74,53.0
2026-08-07,BTG,Basic Materials,Gold,23.0,5.03,23329723,347.9,2.96,73,46.7
2026-08-07,NRXP,Healthcare,Biotechnology,15.9,3.58,1196634,20.1,4.7,73,121.0
2026-08-07,MATV,Basic Materials,Specialty Chemicals,10.4,12.89,539028,16.3,2.34,73,82.3
2026-08-07,MCHP,Technology,Semiconductors,13.9,84.69,12309203,1600.8,1.54,72,78.0
2026-08-07,FIVN,Technology,Software - Infrastructure,19.8,33.99,3141396,265.1,2.48,71,155.8
2026-08-07,HLF,Consumer Defensive,Packaged Foods,7.3,12.35,1660979,28.1,1.37,71,63.4
2026-08-07,QNST,Communication Services,Advertising Agencies,38.5,21.08,778418,101.6,6.19,71,104.9
2026-08-07,GTN,Communication Services,Broadcasting,25.5,5.37,1338660,21.9,3.04,71,63.9
2026-08-07,RGLD,Basic Materials,Gold,5.4,229.92,739397,193.6,1.14,70,41.3
2026-08-07,EYPT,Healthcare,Biotechnology,8.3,13.89,1503995,22.7,1.08,69,43.9
2026-08-07,FLR,Industrials,Engineering & Construction,16.9,57.0,2578829,420.8,2.86,69,44.9
2026-08-07,RDNT,Healthcare,Diagnostics & Research,6.2,72.39,878830,106.4,1.67,68,42.4
2026-08-07,AEM,Basic Materials,Gold,6.5,178.82,2908296,816.0,1.57,67,38.8
2026-08-07,GEVO,Basic Materials,Specialty Chemicals,9.0,1.57,3565864,7.9,1.41,67,36.5
2026-08-07,GFI,Basic Materials,Gold,9.3,40.82,3908341,243.1,1.52,67,43.7
2026-08-07,WPM,Basic Materials,Gold,7.1,134.2,2056711,417.3,1.51,67,48.0
2026-08-07,CARG,Consumer Cyclical,Auto & Truck Dealerships,7.2,38.99,1316825,85.0,1.66,67,47.7
2026-08-07,NG,Basic Materials,Gold,10.0,7.59,4753293,47.3,1.31,67,49.4
2026-08-07,AIRJ,Industrials,Building Products & Equipment,5.9,5.92,1839407,15.0,1.38,66,166.7
2026-08-07,LYFT,Technology,Software - Application,7.1,17.46,12886190,376.9,1.68,65,40.1
2026-08-07,U,Technology,Software - Application,5.4,43.0,9216454,796.4,2.01,64,156.3
2026-08-07,PRAA,Financial Services,Credit Services,9.0,19.79,646042,21.5,1.68,63,93.1
2026-08-07,ZIP,Communication Services,Internet Content & Information,9.8,5.14,726856,9.1,2.43,63,211.5
2026-08-07,CMP,Basic Materials,Other Industrial Metals & Mining,6.6,27.35,514106,21.2,1.51,62,66.8
2026-08-07,AGI,Basic Materials,Gold,6.6,33.15,5015680,246.0,1.48,62,31.2
2026-08-07,KRMN,Industrials,Aerospace & Defense,5.6,58.23,3902933,294.4,1.3,62,33.3
2026-08-07,HMY,Basic Materials,Gold,9.1,19.7,3673443,108.0,1.49,62,59.6
2026-08-07,SBSW,Basic Materials,Other Precious Metals & Mining,7.6,10.64,5418266,70.8,1.23,60,54.2
2026-08-07,OMDA,その他,,21.1,23.67,1308780,114.4,3.69,60,130.3
2026-08-10,BFLY,Healthcare,Medical Devices,9.9,9.7,9278883,117.3,1.3,99,623.9
2026-08-10,TWST,Healthcare,Diagnostics & Research,8.0,124.88,1839900,301.9,1.31,98,436.0
2026-08-10,TXG,Healthcare,Health Information Services,12.6,58.57,3292611,338.2,1.75,98,424.8
2026-08-10,NESR,Energy,Oil & Gas Equipment & Services,23.3,35.79,2273419,316.0,3.88,98,437.4
2026-08-10,FSLY,Technology,Software - Application,20.9,27.75,6302943,395.9,2.26,97,314.5
2026-08-10,CLMT,Basic Materials,Specialty Chemicals,15.2,45.47,1080248,121.3,2.47,97,251.4
2026-08-10,SLN,Healthcare,Biotechnology,29.1,15.43,818572,249.4,19.74,96,268.3
2026-08-10,PBF,Energy,Oil & Gas Refining & Marketing,7.4,66.29,3014986,264.3,1.32,96,219.6
2026-08-10,REPL,Healthcare,Biotechnology,13.3,13.67,6361398,121.0,1.39,95,811.3
2026-08-10,LFST,Healthcare,Medical Care Facilities,9.8,11.9,3662403,125.1,2.87,94,171.1
2026-08-10,ERO,Basic Materials,Copper,6.5,36.54,1213881,129.2,2.91,94,173.3
2026-08-10,HP,Energy,Oil & Gas Drilling,12.9,41.87,1231736,123.5,2.39,93,149.4
2026-08-10,PZG,Basic Materials,Gold,6.9,1.54,501627,1.0,1.31,92,135.1
2026-08-10,WTI,Energy,Oil & Gas E&P,11.4,3.82,4587460,23.9,1.37,92,156.1
2026-08-10,GRAL,Healthcare,Diagnostics & Research,7.7,74.84,725347,104.1,1.92,92,149.9
2026-08-10,APA,Energy,Oil & Gas E&P,9.0,41.02,5590878,287.6,1.25,91,114.7
2026-08-10,POWW,Industrials,Aerospace & Defense,20.2,2.56,839381,8.0,3.73,91,126.5
2026-08-10,SCKT,Technology,Computer Hardware,446.2,2.13,4385675,446.3,47.77,91,460.5
2026-08-10,FTI,Energy,Oil & Gas Equipment & Services,6.5,74.13,4898970,369.6,1.02,91,116.9
2026-08-10,FNKO,Consumer Cyclical,Leisure,5.3,6.19,889208,20.5,3.73,91,144.7
2026-08-10,DDOG,Technology,Software - Application,11.5,260.78,5389487,2194.1,1.56,90,166.1
2026-08-10,ABCL,Healthcare,Biotechnology,34.8,9.34,7409626,427.0,6.17,90,240.3
2026-08-10,JWEL,Consumer Cyclical,Internet Retail,158.1,4.0,1659740,331.3,49.9,90,172.1
2026-08-10,RIG,Energy,Oil & Gas Drilling,8.7,5.72,37696216,339.4,1.57,89,107.2
2026-08-10,IMAX,Communication Services,Entertainment,5.6,51.21,1284605,77.0,1.17,89,111.6
2026-08-10,VREX,Healthcare,Medical Devices,48.8,18.46,665480,243.3,19.8,88,103.1
2026-08-10,ALOY,Basic Materials,Other Industrial Metals & Mining,5.8,12.98,3158106,59.6,1.45,87,130.2
2026-08-10,VAL,Energy,Oil & Gas Drilling,8.6,85.55,952725,148.7,1.82,87,96.5
2026-08-10,ASM,Basic Materials,Other Precious Metals & Mining,6.2,7.31,3720410,40.8,1.5,87,101.4
2026-08-10,AQB,Consumer Defensive,Farm Products,17.1,1.37,578266,1.7,2.12,87,95.7
2026-08-10,EXK,Basic Materials,Silver,7.3,10.24,6736580,97.9,1.42,87,102.0
2026-08-10,LUMN,Communication Services,Telecom Services,6.4,6.64,13903586,114.2,1.24,86,79.9
2026-08-10,OIS,Energy,Oil & Gas Equipment & Services,8.7,8.85,746567,7.1,1.07,86,81.0
2026-08-10,OABI,Healthcare,Biotechnology,10.1,3.39,587376,6.2,3.11,85,160.8
2026-08-10,P,Technology,Computer Hardware,8.8,97.98,2988574,427.9,1.46,84,80.2
2026-08-10,AKAM,Technology,Software - Infrastructure,6.4,117.65,3988907,717.9,1.53,83,67.1
2026-08-10,TDW,Energy,Oil & Gas Equipment & Services,8.2,89.63,757061,71.0,1.05,82,92.1
2026-08-10,SDRL,Energy,Oil & Gas Drilling,8.1,46.76,861685,57.8,1.43,82,66.9
2026-08-10,DCTH,Healthcare,Medical Devices,10.3,16.67,564059,24.0,2.56,81,105.3
2026-08-10,TOI,Healthcare,Medical Care Facilities,28.1,6.39,2101973,42.2,3.14,78,175.4
2026-08-10,CF,Basic Materials,Agricultural Inputs,6.2,121.48,2617756,337.6,1.06,77,62.6
2026-08-10,LUNG,Healthcare,Medical Devices,11.8,2.28,602478,3.2,2.33,76,101.8
2026-08-10,CHRD,Energy,Oil & Gas E&P,5.5,138.52,835795,138.2,1.19,75,70.0
2026-08-10,CRGY,Energy,Oil & Gas E&P,5.5,12.21,6122528,79.8,1.07,73,62.1
2026-08-10,NXDR,Communication Services,Internet Content & Information,5.1,2.68,2774912,8.4,1.13,73,101.5
2026-08-10,OMDA,その他,,5.6,24.99,1332503,68.3,2.05,65,143.1
2026-08-10,SM,Energy,Oil & Gas E&P,10.0,31.76,3881253,140.6,1.14,63,85.4
2026-08-10,RDNT,Healthcare,Diagnostics & Research,6.8,77.28,904900,137.6,1.97,60,52.1
2026-08-11,AEHR,Technology,Semiconductor Equipment & Materials,10.3,117.18,2500350,295.1,1.01,98,615.4
2026-08-11,CIFR,Technology,Information Technology Services,5.4,17.21,27902841,531.9,1.11,97,268.5
2026-08-11,GTE,Energy,Oil & Gas E&P,6.5,9.53,841315,12.5,1.56,95,208.4
2026-08-11,PARR,Energy,Oil & Gas Refining & Marketing,5.3,75.47,982525,82.9,1.12,95,175.2
2026-08-11,NRGV,Utilities,Utilities - Renewable,7.2,3.58,5786263,21.8,1.05,94,167.2
2026-08-11,KOPN,Technology,Electronic Components,23.5,5.2,5745375,73.0,2.44,94,209.5
2026-08-11,BWEN,Industrials,Specialty Industrial Machinery,19.7,5.34,616705,11.9,3.61,94,184.0
2026-08-11,QMCO,Technology,Computer Hardware,64.7,19.4,1573070,318.9,10.45,94,363.0
2026-08-11,AQB,Consumer Defensive,Farm Products,8.8,1.49,596241,1.3,1.46,90,112.9
2026-08-11,P,Technology,Computer Hardware,11.6,109.38,2960152,600.3,1.85,88,101.2
2026-08-11,CODI,Industrials,Conglomerates,11.2,12.32,837375,28.3,2.74,87,169.0
2026-08-11,AXIA,Utilities,Utilities - Renewable,5.1,10.29,2174954,58.0,2.59,83,77.3
2026-08-11,CECO,Industrials,Pollution & Treatment Controls,5.1,73.97,953878,85.8,1.22,81,72.9
2026-08-11,ARMK,Industrials,Specialty Business Services,8.5,60.47,2590322,289.3,1.85,80,73.9
2026-08-11,PLUG,Industrials,Electrical Equipment & Parts,5.2,2.22,56066367,322.1,2.59,76,57.4
2026-08-11,SEZL,Financial Services,Credit Services,8.7,128.27,732010,152.0,1.62,76,159.1
2026-08-11,GANX,Healthcare,Biotechnology,16.4,2.06,911194,3.4,1.83,70,41.1
2026-08-11,EOLS,Healthcare,Drug Manufacturers - Specialty & Generic,10.2,8.34,871063,23.2,3.2,67,116.1
2026-08-11,BCRX,Healthcare,Drug Manufacturers - Specialty & Generic,5.1,10.34,4738014,52.0,1.06,62,72.3
2026-08-12,AXTI,Technology,Semiconductor Equipment & Materials,6.4,78.47,10543712,866.6,1.05,99,3727.8
2026-08-12,BW,Industrials,Specialty Industrial Machinery,6.3,9.77,4091510,97.1,2.43,98,597.9
2026-08-12,AEHR,Technology,Semiconductor Equipment & Materials,10.3,129.23,2532376,403.0,1.23,98,688.9
2026-08-12,VICR,Technology,Electronic Components,7.2,226.12,862907,310.3,1.59,98,397.6
2026-08-12,SPHR,Communication Services,Entertainment,7.8,175.09,745284,137.9,1.06,98,358.1
2026-08-12,FCEL,Industrials,Electrical Equipment & Parts,12.9,21.67,11942850,271.7,1.05,98,473.3
2026-08-12,CMPS,Healthcare,Medical Care Facilities,6.3,14.22,3835435,58.0,1.06,97,258.2
2026-08-12,NBIS,Communication Services,Internet Content & Information,34.1,259.2,20803397,16164.9,3.0,97,318.0
2026-08-12,XNCR,Healthcare,Biotechnology,7.4,23.18,1012411,31.0,1.32,96,225.1
2026-08-12,PYXS,Healthcare,Biotechnology,12.4,3.18,1322966,6.1,1.46,96,212.7
2026-08-12,REPL,Healthcare,Biotechnology,11.6,15.24,5363394,116.0,1.42,96,916.0
2026-08-12,SIMO,Technology,Semiconductors,7.7,241.31,1060632,440.1,1.72,96,242.9
2026-08-12,ATRO,Industrials,Aerospace & Defense,17.3,87.89,740744,188.9,2.9,96,238.4
2026-08-12,COHU,Technology,Semiconductor Equipment & Materials,6.3,56.14,1355921,127.0,1.67,95,200.7
2026-08-12,NRGV,Utilities,Utilities - Renewable,9.5,3.92,5951124,42.5,1.82,95,188.0
2026-08-12,IMNM,Healthcare,Biotechnology,6.6,27.99,1438942,43.6,1.08,95,223.0
2026-08-12,QMCO,Technology,Computer Hardware,13.1,21.93,1651460,109.4,3.02,95,423.5
2026-08-12,IMVT,Healthcare,Biotechnology,6.8,42.6,1329376,83.9,1.48,95,194.4
2026-08-12,KYMR,Healthcare,Biotechnology,5.0,114.03,887129,109.5,1.08,95,187.1
2026-08-12,ZTG,その他,,8.1,10.02,794059,41.2,5.18,95,819.3
2026-08-12,VELO,Technology,Computer Hardware,10.3,15.1,3410554,71.8,1.4,94,437.4
2026-08-12,NOK,Technology,Communication Equipment,9.3,10.32,99958991,1149.5,1.11,94,150.5
2026-08-12,IREN,Financial Services,Capital Markets,9.9,43.67,44249240,2113.9,1.09,94,153.6
2026-08-12,URGN,Healthcare,Biotechnology,5.8,49.0,790580,77.4,2.0,93,209.0
2026-08-12,ABCL,Healthcare,Biotechnology,6.1,10.35,7699711,149.6,1.88,92,277.2
2026-08-12,LGN,その他,,7.0,68.68,1473120,147.6,1.46,92,154.7
2026-08-12,BRUN,Technology,Software - Infrastructure,19.1,22.17,1787539,71.2,1.8,92,116.3
2026-08-12,MRX,Financial Services,Capital Markets,17.5,71.13,875336,94.7,1.52,90,157.8
2026-08-12,OSCR,Healthcare,Healthcare Plans,5.9,29.61,6301958,196.5,1.05,90,177.0
2026-08-12,CAMT,Technology,Semiconductor Equipment & Materials,6.0,174.2,542194,114.3,1.21,90,130.0
2026-08-12,LASR,Technology,Semiconductors,7.8,53.04,1333482,90.2,1.28,89,113.3
2026-08-12,EZPW,Financial Services,Credit Services,7.2,28.91,1078217,42.5,1.36,88,87.5
2026-08-12,ECG,Industrials,Engineering & Construction,6.1,140.0,633605,90.5,1.02,87,93.3
2026-08-12,SCKT,Technology,Computer Hardware,17.3,1.63,5363557,39.5,4.52,86,328.9
2026-08-12,CLBK,Financial Services,Banks - Regional,7.8,11.65,4883301,144.4,2.54,85,87.6
2026-08-12,WYFI,その他,,18.0,28.58,2447792,77.8,1.11,84,171.9
2026-08-12,PLX,Healthcare,Biotechnology,7.8,2.62,651487,5.3,3.09,83,79.5
2026-08-12,DGXX,Utilities,Utilities - Independent Power Producers,10.6,4.19,5453429,28.1,1.23,83,125.3
2026-08-12,NBIL,その他,,68.3,34.85,3076583,388.9,3.63,82,447.1
2026-08-12,FTAI,Industrials,Aerospace & Defense,5.4,226.66,1375009,384.8,1.23,81,65.1
2026-08-12,EAT,Consumer Cyclical,Restaurants,11.1,245.89,1052405,606.1,2.34,81,145.2
2026-08-12,ANET,Technology,Computer Hardware,6.4,210.5,8211626,2100.5,1.22,80,83.8
2026-08-12,LIVN,Healthcare,Medical Devices,5.6,80.78,738033,78.2,1.31,80,65.5
2026-08-12,FLOC,Energy,Oil & Gas Equipment & Services,5.4,23.54,695651,17.5,1.07,79,69.8
2026-08-12,FBIO,Healthcare,Biotechnology,5.4,2.75,607720,2.8,1.65,76,44.7
2026-08-12,NN,Technology,Software - Infrastructure,7.9,19.23,2777733,79.0,1.48,68,76.9
2026-08-12,RSKD,Technology,Software - Application,18.8,6.32,1012961,39.3,6.13,62,70.8
2026-08-13,ANRO,Healthcare,Biotechnology,10.7,32.3,558912,29.9,1.65,99,969.5
2026-08-13,OMER,Healthcare,Biotechnology,26.5,17.35,2118446,231.7,6.3,98,340.4
2026-08-13,ATRO,Industrials,Aerospace & Defense,5.4,92.61,763140,140.4,1.99,97,256.6
2026-08-13,FGI,Consumer Cyclical,"Furnishings, Fixtures & Appliances",147.8,11.72,2080476,1189.8,48.8,96,273.2
2026-08-13,QMCO,Technology,Computer Hardware,12.5,24.68,1674021,107.8,2.61,96,489.0
2026-08-13,ACHV,Healthcare,Biotechnology,8.4,7.25,1902243,20.0,1.45,95,194.7
2026-08-13,HYLN,Consumer Cyclical,Auto Parts,5.7,4.11,4466311,27.2,1.48,93,179.6
2026-08-13,FOSL,Consumer Cyclical,Footwear & Accessories,5.9,5.58,974976,13.2,2.42,93,228.2
2026-08-13,ABCL,Healthcare,Biotechnology,5.9,10.97,7926815,208.6,2.4,93,299.6
2026-08-13,FROG,Technology,Software - Application,10.6,95.15,2881708,296.3,1.08,92,179.4
2026-08-13,ENS,Industrials,Electrical Equipment & Parts,5.7,197.38,544694,268.8,2.5,90,104.8
2026-08-13,P,Technology,Computer Hardware,5.3,117.35,2957160,418.8,1.21,90,115.8
2026-08-13,CADL,Healthcare,Biotechnology,10.5,11.8,1655345,24.8,1.27,89,171.3
2026-08-13,TBBB,Consumer Defensive,Discount Stores,16.3,49.2,632375,151.9,4.88,88,106.6
2026-08-13,ZIM,Industrials,Marine Shipping,6.1,26.82,1211237,105.2,3.24,83,124.9
2026-08-13,PATH,Technology,Software - Infrastructure,9.3,16.68,67915946,1743.8,1.54,81,81.3
2026-08-13,AVAH,Healthcare,Medical Care Facilities,24.8,11.29,2309723,113.6,4.36,81,90.4
2026-08-13,FBIO,Healthcare,Biotechnology,8.4,2.98,625189,4.2,2.23,79,56.0
2026-08-13,HLIT,Technology,Communication Equipment,9.0,13.08,2139725,89.9,3.21,77,54.4
2026-08-13,OSUR,Healthcare,Medical Instruments & Supplies,7.2,4.02,531619,2.8,1.33,76,93.3
2026-08-13,S,Technology,Software - Infrastructure,6.9,23.84,6817766,173.2,1.07,76,101.9
2026-08-13,FA,Industrials,Specialty Business Services,5.8,22.2,2314202,150.9,2.94,69,151.7
2026-08-13,BILL,Technology,Software - Application,5.4,51.31,2567479,230.5,1.75,67,63.4
2026-08-13,DBX,Technology,Software - Infrastructure,6.8,35.93,4088335,187.8,1.28,66,65.6
2026-08-13,UAMY,Basic Materials,Other Industrial Metals & Mining,7.4,5.34,7172005,58.8,1.53,66,39.8
2026-08-13,RBRK,Technology,Software - Infrastructure,8.6,105.09,3590976,462.5,1.23,62,148.7
2026-08-13,AMPY,Energy,Oil & Gas E&P,10.0,4.83,860415,26.4,6.35,61,32.3
2026-08-13,HPQ,Technology,Computer Hardware,6.9,31.3,15899440,733.5,1.47,60,83.3
2026-08-14,AEHR,Technology,Semiconductor Equipment & Materials,8.7,134.06,2551817,438.1,1.28,99,718.4
2026-08-14,CLYM,Healthcare,Biotechnology,10.9,16.33,1370649,40.6,1.81,99,960.4
2026-08-14,BW,Industrials,Specialty Industrial Machinery,10.1,10.29,4281758,76.9,1.74,98,635.0
2026-08-14,AAOI,Technology,Communication Equipment,15.5,150.28,12321530,2798.0,1.51,98,712.3
2026-08-14,LPTH,Technology,Electronic Components,15.6,15.17,3129365,92.7,1.95,98,351.5
2026-08-14,SIMO,Technology,Semiconductors,7.9,268.9,1040203,299.6,1.07,97,282.1
2026-08-14,QMCO,Technology,Computer Hardware,5.8,26.11,1662741,111.5,2.57,97,523.2
2026-08-14,CIFR,Technology,Information Technology Services,7.4,17.85,28249316,671.1,1.33,97,257.1
2026-08-14,ETON,Healthcare,Drug Manufacturers - Specialty & Generic,44.3,58.86,511182,134.8,4.48,97,312.5
2026-08-14,NBIS,Communication Services,Internet Content & Information,8.9,277.68,21616786,8005.4,1.33,97,347.8
2026-08-14,UMAC,Technology,Computer Hardware,25.0,34.06,4651971,532.9,3.36,97,370.1
2026-08-14,IOVA,Healthcare,Biotechnology,7.1,6.98,16671234,121.3,1.04,95,296.6
2026-08-14,KOPN,Technology,Electronic Components,13.9,5.5,5568723,32.4,1.06,95,227.4
2026-08-14,ONFO,Communication Services,Internet Content & Information,12.1,2.59,29446118,216.1,2.83,94,6217.1
2026-08-14,LTRX,Technology,Communication Equipment,6.2,6.47,1089857,8.2,1.16,92,126.2
2026-08-14,ALOY,Basic Materials,Other Industrial Metals & Mining,13.7,14.72,3123975,75.2,1.64,91,161.0
2026-08-14,OSCR,Healthcare,Healthcare Plans,6.4,32.76,6237557,215.8,1.06,91,206.5
2026-08-14,LUNR,Industrials,Aerospace & Defense,8.3,19.01,11606155,356.9,1.62,91,144.3
2026-08-14,DIOD,Technology,Semiconductors,6.5,103.48,614312,229.3,3.61,89,144.7
2026-08-14,SGML,Basic Materials,Other Industrial Metals & Mining,5.8,11.99,1946853,51.0,2.18,88,159.8
2026-08-14,NBIL,その他,,17.8,39.64,3256815,170.6,1.32,87,522.3
2026-08-14,AVAH,Healthcare,Medical Care Facilities,9.1,12.32,2396034,89.7,3.04,86,107.8
2026-08-14,MYO,Healthcare,Medical Devices,17.8,1.72,904644,2.5,1.58,86,184.3
2026-08-14,NNBR,Industrials,Conglomerates,8.0,3.9,4174856,26.7,1.64,85,254.5
2026-08-14,CDNL,その他,,13.7,39.42,814792,53.0,1.65,84,79.3
2026-08-14,VUZI,Technology,Consumer Electronics,17.4,3.1,1275979,8.8,2.22,80,69.4
2026-08-14,HLIT,Technology,Communication Equipment,6.4,13.92,2102186,37.4,1.28,80,64.3
2026-08-14,LUNG,Healthcare,Medical Devices,12.0,2.42,618560,2.1,1.38,80,114.2
2026-08-14,ABX,Financial Services,Insurance - Life,8.8,9.27,648643,8.6,1.44,78,91.1
2026-08-14,KURA,Healthcare,Biotechnology,7.6,10.86,1607094,20.1,1.15,77,56.3
2026-08-14,VERA,Healthcare,Biotechnology,9.5,31.63,2146154,185.0,2.73,76,49.6
2026-08-14,CEVA,Technology,Semiconductors,9.6,33.28,844994,54.0,1.92,74,95.5
2026-08-14,SGMT,Healthcare,Biotechnology,13.7,10.55,1258093,28.0,2.11,71,134.4
2026-08-14,HTFL,その他,,35.7,42.08,1705845,416.5,5.8,70,109.0
2026-08-14,EYPT,Healthcare,Biotechnology,9.4,14.75,1587455,36.9,1.58,68,52.8
2026-08-14,RCAT,Industrials,Aerospace & Defense,8.8,11.13,10612574,202.6,1.72,68,92.9
2026-08-17,AXTI,Technology,Semiconductor Equipment & Materials,17.6,95.97,10752207,1462.4,1.42,99,4558.7
2026-08-17,CLYM,Healthcare,Biotechnology,6.8,17.44,1371313,31.8,1.33,99,1032.5
2026-08-17,MRAM,Technology,Semiconductors,5.1,19.85,1586339,37.9,1.2,96,238.7
2026-08-17,SMTC,Technology,Semiconductors,9.9,154.22,3226288,575.8,1.16,96,235.1
2026-08-17,KYTX,Healthcare,Biotechnology,9.5,8.95,1054032,10.1,1.07,94,173.7
2026-08-17,PTEN,Energy,Oil & Gas Drilling,7.4,12.22,9406176,119.2,1.04,93,148.0
2026-08-17,PGEN,Healthcare,Biotechnology,7.4,6.55,5319040,41.1,1.18,92,150.0
2026-08-17,LUNR,Industrials,Aerospace & Defense,7.2,20.38,11754308,406.0,1.69,92,162.0
2026-08-17,FDMT,Healthcare,Biotechnology,19.3,14.55,882554,49.9,3.89,90,143.6
2026-08-17,OBE,Energy,Oil & Gas E&P,8.4,11.57,796156,11.1,1.2,90,112.7
2026-08-17,OABI,Healthcare,Biotechnology,13.0,3.82,950393,69.8,19.23,88,193.8
2026-08-17,CECO,Industrials,Pollution & Treatment Controls,5.7,84.15,935772,93.6,1.19,87,96.7
2026-08-17,VIST,Energy,Oil & Gas E&P,5.6,72.16,884775,116.9,1.83,86,128.1
2026-08-17,DSX,Industrials,Marine Shipping,7.3,2.66,671536,5.0,2.79,83,74.2
2026-08-17,CABA,Healthcare,Biotechnology,5.1,2.89,4687737,22.8,1.68,83,106.4
2026-08-17,DUOT,Technology,Software - Application,12.8,10.28,856443,61.8,7.01,83,78.0
2026-08-17,YPF,Energy,Oil & Gas Integrated,5.3,52.7,1420376,83.7,1.12,81,130.9
2026-08-17,HTHT,Consumer Cyclical,Lodging,11.3,46.61,1731148,210.1,2.6,78,48.1
2026-08-17,AUTL,Healthcare,Biotechnology,6.0,2.28,1806025,6.9,1.68,60,94.0
2026-08-18,AMLX,Healthcare,Drug Manufacturers - Specialty & Generic,63.8,35.11,2232657,828.6,10.57,98,360.2
2026-08-18,ACRS,Healthcare,Biotechnology,6.5,6.3,1935599,12.6,1.03,97,262.4
2026-08-18,CLMT,Basic Materials,Specialty Chemicals,5.1,50.81,1132396,69.1,1.2,97,292.7
2026-08-18,XNCR,Healthcare,Biotechnology,9.9,25.41,1044259,40.2,1.52,96,256.4
2026-08-18,CYPH,Financial Services,Asset Management,14.2,0.81,2926143,3.2,1.35,95,209.8
2026-08-18,TNDM,Healthcare,Medical Devices,6.6,23.73,2169534,60.8,1.18,92,131.5
2026-08-18,CDNL,その他,,15.1,45.14,846905,65.3,1.71,89,105.4
2026-08-18,HAE,Healthcare,Medical Devices,15.9,104.65,883144,241.2,2.61,89,121.2
2026-08-18,DUOT,Technology,Software - Application,12.7,11.59,935290,65.7,6.06,89,100.7
2026-08-18,TRGP,Energy,Oil & Gas Midstream,7.1,297.77,1221045,647.3,1.78,88,111.0
2026-08-18,KURA,Healthcare,Biotechnology,9.3,12.33,1697851,50.0,2.39,85,77.4
2026-08-18,IVVD,Healthcare,Biotechnology,17.2,0.87,4787498,6.7,1.6,79,79.7
2026-08-18,HTFL,その他,,7.8,45.23,1809147,188.5,2.3,77,124.7
2026-08-18,XOS,Industrials,Farm & Heavy Construction Machinery,112.4,4.44,3513148,478.5,30.68,76,177.5
2026-08-18,AURA,Healthcare,Biotechnology,6.3,8.16,670091,5.5,1.01,66,72.5
2026-08-19,SLS,Healthcare,Biotechnology,5.7,13.85,8337177,123.4,1.07,99,896.4
2026-08-19,TNON,Healthcare,Medical Devices,109.4,11.41,10377511,552.7,4.67,99,9028.0
2026-08-19,HYMC,Basic Materials,Gold,15.3,27.9,2015368,84.0,1.49,99,675.0
2026-08-19,AMLX,Healthcare,Drug Manufacturers - Specialty & Generic,9.9,38.6,2383698,316.5,3.44,98,393.6
2026-08-19,IMMX,Healthcare,Biotechnology,11.7,13.19,1888745,25.7,1.03,98,579.9
2026-08-19,MRNA,Healthcare,Biotechnology,177.0,174.38,10874393,32273.8,17.02,98,682.7
2026-08-19,OMER,Healthcare,Biotechnology,7.0,18.39,2207416,58.8,1.45,98,366.8
2026-08-19,TXG,Healthcare,Health Information Services,11.8,62.19,3249306,242.7,1.2,98,457.3
2026-08-19,MVLL,その他,,19.4,30.95,4913256,350.6,2.31,98,616.3
2026-08-19,TWST,Healthcare,Diagnostics & Research,22.6,142.39,1865210,497.7,1.87,98,511.1
2026-08-19,IBRX,Healthcare,Biotechnology,5.3,8.13,10639497,105.3,1.22,97,316.9
2026-08-19,CYPH,Financial Services,Asset Management,32.9,1.07,2373462,10.8,4.27,97,311.5
2026-08-19,XNCR,Healthcare,Biotechnology,8.3,27.52,1083485,63.8,2.14,97,286.0
2026-08-19,IMNM,Healthcare,Biotechnology,8.2,29.83,1452900,89.0,2.05,96,244.2
2026-08-19,EWTX,Healthcare,Biotechnology,5.3,46.44,1441428,96.7,1.44,96,243.4
2026-08-19,IOVA,Healthcare,Biotechnology,13.7,7.99,16586046,190.8,1.44,96,354.0
2026-08-19,PSNL,Healthcare,Diagnostics & Research,13.7,15.81,4061206,129.9,2.02,96,256.1
2026-08-19,MRVL,Technology,Semiconductors,9.8,237.27,36141145,10336.1,1.21,96,287.0
2026-08-19,AUGO,その他,,11.5,85.0,1026569,155.6,1.78,96,227.2
2026-08-19,ACHV,Healthcare,Biotechnology,13.4,8.53,1972686,33.3,1.98,96,234.5
2026-08-19,CGAU,Basic Materials,Gold,6.2,22.6,1683773,49.2,1.29,96,218.8
2026-08-19,ABCL,Healthcare,Biotechnology,8.0,12.01,8086974,128.6,1.32,95,337.5
2026-08-19,MRVI,Healthcare,Biotechnology,25.8,7.22,3008657,104.9,4.83,95,216.7
2026-08-19,HL,Basic Materials,Other Precious Metals & Mining,14.4,20.54,38298347,1343.9,1.71,95,176.0
2026-08-19,YJ,Consumer Cyclical,Internet Retail,144.3,4.25,3724715,547.1,34.56,94,282.9
2026-08-19,USAS,Basic Materials,Other Industrial Metals & Mining,8.9,5.39,4259092,32.9,1.43,94,147.8
2026-08-19,AG,Basic Materials,Silver,12.8,20.85,11171935,327.7,1.41,93,149.0
2026-08-19,CADL,Healthcare,Biotechnology,12.0,13.5,1656177,32.0,1.43,93,210.3
2026-08-19,IAG,Basic Materials,Gold,8.4,19.72,5793795,179.0,1.57,93,145.3
2026-08-19,FDMT,Healthcare,Biotechnology,13.9,16.76,941058,30.0,1.9,93,180.7
2026-08-19,PURR,その他,,30.4,9.39,11776343,533.8,4.83,93,212.0
2026-08-19,ABOS,Healthcare,Biotechnology,15.0,3.15,507219,1.9,1.21,92,160.3
2026-08-19,OABI,Healthcare,Biotechnology,6.9,4.19,1071376,12.0,2.67,92,222.3
2026-08-19,PGEN,Healthcare,Biotechnology,6.1,7.16,5400498,57.8,1.5,92,143.5
2026-08-19,AU,Basic Materials,Gold,10.8,108.54,3196190,383.3,1.11,91,120.0
2026-08-19,IMAX,Communication Services,Entertainment,6.3,53.71,1310314,74.9,1.06,91,110.1
2026-08-19,SSRM,Basic Materials,Gold,11.6,35.38,3320947,124.9,1.06,91,118.3
2026-08-19,ASM,Basic Materials,Other Precious Metals & Mining,10.8,7.57,3921977,36.0,1.21,90,106.8
2026-08-19,SA,Basic Materials,Gold,8.1,33.55,740879,42.7,1.72,90,109.9
2026-08-19,NUGT,その他,,18.4,186.39,699216,204.2,1.57,90,112.6
2026-08-19,PCVX,Healthcare,Biotechnology,5.9,63.3,1393330,90.6,1.03,90,111.9
2026-08-19,OLMA,Healthcare,Biotechnology,6.2,11.31,1495884,19.3,1.14,90,111.8
2026-08-19,ILMN,Healthcare,Diagnostics & Research,8.9,205.0,1905705,428.2,1.1,90,133.0
2026-08-19,EXK,Basic Materials,Silver,13.8,10.99,7088711,102.9,1.32,90,107.4
2026-08-19,CABA,Healthcare,Biotechnology,6.5,3.1,4885409,32.3,2.13,89,121.4
2026-08-19,MGTX,Healthcare,Biotechnology,7.8,14.97,870609,16.2,1.25,89,126.1
2026-08-19,EGO,Basic Materials,Gold,7.9,41.76,2692070,144.6,1.29,88,89.3
2026-08-19,PZG,Basic Materials,Gold,9.0,1.57,534548,1.0,1.22,88,112.7
2026-08-19,MRK,Healthcare,Drug Manufacturers - General,12.6,152.2,10475669,4953.5,3.11,88,100.8
2026-08-19,MUX,Basic Materials,Other Precious Metals & Mining,10.1,20.22,1222698,27.8,1.13,88,103.6
2026-08-19,B,Basic Materials,Gold,7.2,45.13,10437524,727.5,1.54,88,90.8
2026-08-19,CYRX,Industrials,Integrated Freight & Logistics,8.1,16.31,676816,11.3,1.02,88,114.3
2026-08-19,CTMX,Healthcare,Biotechnology,5.3,3.57,4073196,15.6,1.07,87,89.4
2026-08-19,CDE,Basic Materials,Gold,13.1,20.93,39641485,1100.8,1.33,87,86.6
2026-08-19,NEM,Basic Materials,Gold,7.8,125.08,8173017,1129.5,1.1,87,86.7
2026-08-19,SIL,その他,,9.5,95.87,1233325,187.3,1.58,87,85.9
2026-08-19,GDXJ,その他,,9.6,126.55,5655582,1122.4,1.57,86,79.6
2026-08-19,BEAM,Healthcare,Biotechnology,9.4,29.07,2217748,86.5,1.34,86,86.3
2026-08-19,RANI,Healthcare,Biotechnology,11.1,0.92,852503,1.2,1.59,85,108.3
2026-08-19,BTU,Energy,Thermal Coal,6.6,26.85,2675560,98.7,1.37,84,73.2
2026-08-19,GDX,その他,,9.4,97.33,23096276,4236.1,1.88,84,71.4
2026-08-19,MYO,Healthcare,Medical Devices,10.7,1.86,923674,2.0,1.15,84,207.4
2026-08-19,FSM,Basic Materials,Gold,11.3,11.63,5388040,81.2,1.3,83,67.8
2026-08-19,DC,Basic Materials,Gold,7.9,6.3,1623015,11.9,1.17,83,68.4
2026-08-19,EQX,Basic Materials,Gold,10.6,12.66,14358005,191.7,1.05,83,67.6
2026-08-19,PAAS,Basic Materials,Gold,7.9,50.3,4511882,278.8,1.23,82,64.9
2026-08-19,IBB,その他,,6.6,216.96,1598562,518.4,1.49,81,58.9
2026-08-19,KGC,Basic Materials,Gold,10.3,29.9,8687643,347.3,1.34,81,60.2
2026-08-19,AEM,Basic Materials,Gold,11.1,207.72,2994162,1040.5,1.67,81,59.9
2026-08-19,WPM,Basic Materials,Gold,11.1,147.43,2181265,968.5,3.01,81,61.4
2026-08-19,NVCR,Healthcare,Medical Devices,5.6,18.2,1728676,73.5,2.34,80,85.3
2026-08-19,GFI,Basic Materials,Gold,7.2,43.85,3905355,174.3,1.02,79,54.3
2026-08-19,IVVD,Healthcare,Biotechnology,10.5,0.96,4831845,6.8,1.47,79,98.7
2026-08-19,SBSW,Basic Materials,Other Precious Metals & Mining,9.8,11.59,5365103,70.9,1.14,78,68.0
2026-08-19,AUTL,Healthcare,Biotechnology,10.9,2.54,1983104,19.7,3.91,77,116.2
2026-08-19,RGEN,Healthcare,Medical Instruments & Supplies,6.1,176.36,1108526,332.7,1.7,76,74.6
2026-08-19,HTHT,Consumer Cyclical,Lodging,5.8,48.59,1754893,115.6,1.36,76,52.9
2026-08-19,FNV,Basic Materials,Gold,7.8,251.07,875042,236.4,1.08,75,45.0
2026-08-19,NG,Basic Materials,Gold,14.2,8.46,5026682,52.8,1.24,75,66.5
2026-08-19,VKTX,Healthcare,Biotechnology,7.8,35.98,2377720,93.6,1.09,74,56.7
2026-08-19,BTG,Basic Materials,Gold,5.8,5.27,23546745,134.6,1.09,74,47.6
2026-08-19,HMY,Basic Materials,Gold,9.4,21.09,3544052,81.1,1.09,73,70.9
2026-08-19,HNST,Consumer Defensive,Household & Personal Products,5.7,5.02,1986743,10.2,1.03,72,142.5
2026-08-19,AGI,Basic Materials,Gold,8.6,35.74,5061070,220.7,1.22,71,39.0
2026-08-19,AUPH,Healthcare,Biotechnology,5.7,16.17,1495151,25.4,1.05,71,56.4
2026-08-19,BBNX,Healthcare,Medical Devices,5.2,20.01,1210280,25.8,1.07,68,127.4
2026-08-19,RVTY,Healthcare,Diagnostics & Research,5.0,119.45,1419087,172.1,1.02,67,47.2
2026-08-19,NTLA,Healthcare,Biotechnology,14.5,13.28,4967346,79.7,1.21,67,67.0
2026-08-19,UAMY,Basic Materials,Other Industrial Metals & Mining,10.2,5.73,6934510,51.7,1.3,67,45.8
2026-08-19,AGRO,Consumer Defensive,Farm Products,7.7,10.57,869641,20.1,2.19,64,54.8
2026-08-19,EDIT,Healthcare,Biotechnology,12.8,3.25,2334498,31.3,4.12,60,95.8
2026-08-19,BRZE,Technology,Software - Application,5.3,30.65,2308094,73.3,1.04,60,100.9
2026-08-20,CYPH,Financial Services,Asset Management,11.2,1.19,2465281,11.6,3.95,98,352.5
2026-08-20,MVLL,その他,,11.7,34.57,4631643,188.9,1.18,98,700.0
2026-08-20,MRVI,Healthcare,Biotechnology,14.8,8.29,3259285,106.1,3.93,97,263.6
2026-08-20,PSNL,Healthcare,Diagnostics & Research,6.8,16.88,4201942,239.5,3.38,97,267.8
2026-08-20,IOVA,Healthcare,Biotechnology,12.5,8.99,17239784,391.8,2.53,97,410.8
2026-08-20,CIFR,Technology,Information Technology Services,8.3,17.21,29558198,609.7,1.2,96,203.0
2026-08-20,PURR,その他,,7.3,10.08,12430715,434.7,3.47,95,234.9
2026-08-20,ERO,Basic Materials,Copper,5.7,36.02,1234586,58.5,1.31,94,165.8
2026-08-20,GRAL,Healthcare,Diagnostics & Research,5.4,77.97,664755,104.7,2.02,93,153.0
2026-08-20,AU,Basic Materials,Gold,6.1,115.14,3240973,603.1,1.62,92,129.1
2026-08-20,NUGT,その他,,5.2,196.06,698990,169.2,1.23,91,117.1
2026-08-20,KOS,Energy,Oil & Gas E&P,7.1,3.02,15524246,59.3,1.26,86,259.5
2026-08-20,RIOT,Financial Services,Capital Markets,8.3,20.98,19009670,454.4,1.14,85,82.4
2026-08-20,KGC,Basic Materials,Gold,5.1,31.43,8715961,325.8,1.19,83,65.2
2026-08-20,CF,Basic Materials,Agricultural Inputs,5.6,125.7,2598388,344.5,1.05,78,69.1
2026-08-20,AUPH,Healthcare,Biotechnology,6.8,17.27,1532664,44.7,1.69,76,67.0
2026-08-20,Q,その他,,5.9,133.52,2045010,522.8,1.91,75,89.8
2026-08-20,CLSK,Financial Services,Capital Markets,8.0,12.6,21931225,347.2,1.26,71,57.5
2026-08-20,BIVI,Healthcare,Biotechnology,38.8,1.86,5219867,89.1,9.17,62,126.8
2026-08-21,SLS,Healthcare,Biotechnology,15.4,15.46,8526770,232.8,1.77,99,1012.2
2026-08-21,MRNA,Healthcare,Biotechnology,8.9,145.13,14696802,12589.0,5.9,98,551.4
2026-08-21,CYPH,Financial Services,Asset Management,19.3,1.42,2660209,18.3,4.84,98,425.9
2026-08-21,ETON,Healthcare,Drug Manufacturers - Specialty & Generic,5.9,63.47,557333,39.3,1.11,97,344.8
2026-08-21,JUNS,Healthcare,Biotechnology,19.9,6.2,3503228,323.7,14.9,97,8632.4
2026-08-21,PSNL,Healthcare,Diagnostics & Research,8.9,18.38,4385591,146.7,1.82,97,295.1
2026-08-21,DK,Energy,Oil & Gas Refining & Marketing,11.6,71.47,1288068,134.3,1.46,96,246.5
2026-08-21,NEXA,Basic Materials,Other Industrial Metals & Mining,9.5,15.4,664073,17.3,1.69,96,231.0
2026-08-21,AXGN,Healthcare,Medical Devices,8.5,50.4,1329650,85.2,1.27,96,269.5
2026-08-21,ERO,Basic Materials,Copper,9.4,39.42,1265491,143.9,2.88,95,185.7
2026-08-21,HBM,Basic Materials,Copper,6.8,30.06,5035912,158.4,1.05,95,168.3
2026-08-21,AU,Basic Materials,Gold,5.3,121.22,3217928,533.7,1.37,93,141.2
2026-08-21,VPG,Technology,Scientific & Technical Instruments,7.0,66.61,631264,60.3,1.43,93,143.7
2026-08-21,SCCO,Basic Materials,Copper,8.7,216.0,1240665,361.2,1.35,93,142.4
2026-08-21,LAR,Basic Materials,Other Industrial Metals & Mining,14.2,6.83,1917456,17.1,1.31,92,130.0
2026-08-21,NUGT,その他,,6.0,207.88,702413,195.0,1.34,92,127.8
2026-08-21,HQ,その他,,14.5,19.93,820197,25.3,1.55,91,140.4
2026-08-21,COPX,その他,,5.2,94.59,3041047,524.6,1.82,91,109.3
2026-08-21,EZPW,Financial Services,Credit Services,12.0,32.22,1099172,76.4,2.16,91,104.1
2026-08-21,EGO,Basic Materials,Gold,7.2,45.72,2716527,196.0,1.58,90,102.6
2026-08-21,ZYME,Healthcare,Biotechnology,7.9,28.67,566243,23.9,1.47,89,110.8
2026-08-21,TGTX,Healthcare,Biotechnology,7.3,54.27,2532749,292.2,2.13,88,102.8
2026-08-21,FCX,Basic Materials,Copper,7.6,76.66,14671501,2183.6,1.94,88,120.4
2026-08-21,CAKE,Consumer Cyclical,Restaurants,6.4,113.33,1707431,206.1,1.07,88,166.4
2026-08-21,ALB,Basic Materials,Specialty Chemicals,6.8,143.25,2369146,461.3,1.36,87,103.8
2026-08-21,HTFL,その他,,6.3,49.75,1900333,121.8,1.29,86,147.1
2026-08-21,EQX,Basic Materials,Gold,5.0,13.53,14387816,215.8,1.11,86,74.9
2026-08-21,DNN,Energy,Uranium,11.5,3.5,25177493,174.5,1.98,86,78.6
2026-08-21,VIRT,Financial Services,Capital Markets,11.0,67.93,1390324,175.7,1.86,85,117.6
2026-08-21,WPM,Basic Materials,Gold,5.0,157.78,2141319,456.4,1.35,85,71.2
2026-08-21,GFI,Basic Materials,Gold,5.2,47.81,3857282,231.9,1.26,83,66.4
2026-08-21,SBSW,Basic Materials,Other Precious Metals & Mining,6.4,12.58,5347887,101.3,1.51,82,82.3
2026-08-21,NXE,Energy,Uranium,6.3,10.86,5280201,66.6,1.16,81,62.8
2026-08-21,HMY,Basic Materials,Gold,6.9,23.54,3371508,120.3,1.52,80,90.7
2026-08-21,CVI,Energy,Oil & Gas Refining & Marketing,10.3,39.51,1028277,70.0,1.72,79,102.6
2026-08-21,ABUS,Healthcare,Biotechnology,9.2,5.21,2445490,94.1,7.38,78,49.3
2026-08-21,UUUU,Energy,Uranium,8.9,15.14,8126579,168.2,1.37,77,59.9
2026-08-21,REMX,その他,,6.7,80.75,751827,111.8,1.84,76,43.8
2026-08-21,CCJ,Energy,Uranium,7.2,102.51,3306174,370.9,1.09,75,41.2
2026-08-21,ALGT,Industrials,Airlines,7.1,81.85,583475,64.3,1.35,74,44.5
2026-08-21,RIVN,Consumer Cyclical,Auto Manufacturers,6.0,16.97,32039368,593.5,1.09,70,39.6
2026-08-21,FIGR,その他,,8.4,39.1,4109446,197.1,1.23,67,62.2
2026-08-21,IE,Basic Materials,Copper,9.5,11.27,2240088,34.1,1.35,64,43.5
2026-08-21,USAR,Basic Materials,Other Industrial Metals & Mining,12.6,19.26,12302901,406.7,1.72,63,68.2
2026-08-21,UEC,Energy,Uranium,14.4,12.76,8910989,211.7,1.86,63,43.2
2026-08-21,ACDC,Energy,Oil & Gas Equipment & Services,8.8,4.83,1676602,11.6,1.43,62,56.8
2026-08-21,BGC,Financial Services,Capital Markets,8.9,11.85,3248585,54.1,1.4,60,44.5
